t3_um,radius_um,pressure_pa,capacitance_fF
2.0,300.0,0.0,228.58
2.0,300.0,100.0,235.97
2.0,300.0,200.0,241.91
2.0,300.0,300.0,246.7
2.0,300.0,400.0,250.81
2.0,300.0,500.0,254.47
2.0,300.0,600.0,257.82
2.0,300.0,700.0,260.94
2.0,300.0,800.0,263.88
2.0,300.0,900.0,266.67
2.0,300.0,1000.0,269.35
2.0,300.0,1100.0,271.92
2.0,300.0,1200.0,274.42
2.0,300.0,1300.0,276.85
2.0,300.0,1400.0,279.21
2.0,300.0,1500.0,281.52
2.0,300.0,1600.0,283.78
2.0,300.0,1700.0,286.0
2.0,300.0,1800.0,288.19
2.0,300.0,1900.0,290.34
2.0,300.0,2000.0,292.47
2.0,300.0,2100.0,294.57
2.0,300.0,2200.0,296.64
2.0,300.0,2300.0,298.7
2.0,300.0,2400.0,300.73
2.0,300.0,2500.0,302.75
2.0,300.0,2600.0,304.76
2.0,300.0,2700.0,306.75
2.0,300.0,2800.0,308.74
2.0,300.0,2900.0,310.71
2.0,300.0,3000.0,312.67
2.0,300.0,3100.0,314.63
2.0,300.0,3200.0,316.57
2.0,300.0,3300.0,318.52
2.0,300.0,3400.0,320.46
2.0,300.0,3500.0,322.39
2.0,300.0,3600.0,324.32
2.0,300.0,3700.0,326.25
2.0,300.0,3800.0,328.18
2.0,300.0,3900.0,330.11
2.0,300.0,4000.0,332.04
2.0,300.0,4100.0,333.97
2.0,300.0,4200.0,335.9
2.0,300.0,4300.0,337.84
2.0,300.0,4400.0,339.77
2.0,300.0,4500.0,341.71
2.0,300.0,4600.0,343.65
2.0,300.0,4700.0,345.6
2.0,300.0,4800.0,347.55
2.0,300.0,4900.0,349.51
2.0,300.0,5000.0,351.47
2.0,300.0,5100.0,353.44
2.0,300.0,5200.0,355.42
2.0,300.0,5300.0,357.41
2.0,300.0,5400.0,359.4
2.0,300.0,5500.0,361.4
2.0,300.0,5600.0,363.41
2.0,300.0,5700.0,365.43
2.0,300.0,5800.0,367.46
2.0,300.0,5900.0,369.5
2.0,300.0,6000.0,371.55
2.0,300.0,6100.0,373.61
2.0,300.0,6200.0,375.69
2.0,300.0,6300.0,377.77
2.0,300.0,6400.0,379.87
2.0,300.0,6500.0,381.98
2.0,300.0,6600.0,384.11
2.0,300.0,6700.0,386.25
2.0,300.0,6800.0,388.41
2.0,300.0,6900.0,390.58
2.0,300.0,7000.0,392.77
2.0,300.0,7100.0,394.97
2.0,300.0,7200.0,397.19
2.0,300.0,7300.0,399.43
2.0,300.0,7400.0,401.68
2.0,300.0,7500.0,403.96
2.0,300.0,7600.0,406.25
2.0,300.0,7700.0,408.57
2.0,300.0,7800.0,410.9
2.0,300.0,7900.0,413.26
2.0,300.0,8000.0,415.64
2.0,300.0,8100.0,418.04
2.0,300.0,8200.0,420.46
2.0,300.0,8300.0,422.91
2.0,300.0,8400.0,425.39
2.0,300.0,8500.0,427.88
2.0,300.0,8600.0,430.41
2.0,300.0,8700.0,432.96
2.0,300.0,8800.0,435.54
2.0,300.0,8900.0,438.15
2.0,300.0,9000.0,440.79
2.0,300.0,9100.0,443.46
2.0,300.0,9200.0,446.16
2.0,300.0,9300.0,448.89
2.0,300.0,9400.0,451.66
2.0,300.0,9500.0,454.47
2.0,300.0,9600.0,457.3
2.0,300.0,9700.0,460.18
2.0,300.0,9800.0,463.09
2.0,300.0,9900.0,466.05
2.0,300.0,10000.0,469.04
2.0,300.0,10100.0,472.08
2.0,300.0,10200.0,475.16
2.0,300.0,10300.0,478.28
2.0,300.0,10400.0,481.46
2.0,300.0,10500.0,484.68
2.0,300.0,10600.0,487.95
2.0,300.0,10700.0,491.27
2.0,300.0,10800.0,494.65
2.0,300.0,10900.0,498.08
2.0,300.0,11000.0,501.57
2.0,300.0,11100.0,505.12
2.0,300.0,11200.0,508.73
2.0,300.0,11300.0,512.41
2.0,300.0,11400.0,516.15
2.0,300.0,11500.0,519.97
2.0,300.0,11600.0,523.86
2.0,300.0,11700.0,527.82
2.0,300.0,11800.0,531.87
2.0,300.0,11900.0,535.99
2.0,300.0,12000.0,540.21
2.0,300.0,12100.0,544.51
2.0,300.0,12200.0,548.91
2.0,300.0,12300.0,553.4
2.0,300.0,12400.0,558.0
2.0,300.0,12500.0,562.71
2.0,300.0,12600.0,567.53
2.0,300.0,12700.0,572.47
2.0,300.0,12800.0,577.54
2.0,300.0,12900.0,583.28
2.0,300.0,13000.0,586.12
2.0,300.0,13100.0,588.98
2.0,300.0,13200.0,591.87
2.0,300.0,13300.0,594.79
2.0,300.0,13400.0,597.74
2.0,300.0,13500.0,600.72
2.0,300.0,13600.0,603.72
2.0,300.0,13700.0,606.75
2.0,300.0,13800.0,609.81
2.0,300.0,13900.0,612.85
2.0,300.0,14000.0,615.87
2.0,350.0,0.0,311.12
2.0,350.0,100.0,328.18
2.0,350.0,200.0,339.79
2.0,350.0,300.0,348.93
2.0,350.0,400.0,356.82
2.0,350.0,500.0,363.92
2.0,350.0,600.0,370.49
2.0,350.0,700.0,376.68
2.0,350.0,800.0,382.59
2.0,350.0,900.0,388.26
2.0,350.0,1000.0,393.76
2.0,350.0,1100.0,399.12
2.0,350.0,1200.0,404.36
2.0,350.0,1300.0,409.51
2.0,350.0,1400.0,414.58
2.0,350.0,1500.0,419.59
2.0,350.0,1600.0,424.56
2.0,350.0,1700.0,429.48
2.0,350.0,1800.0,434.38
2.0,350.0,1900.0,439.26
2.0,350.0,2000.0,444.12
2.0,350.0,2100.0,448.98
2.0,350.0,2200.0,453.84
2.0,350.0,2300.0,458.7
2.0,350.0,2400.0,463.58
2.0,350.0,2500.0,468.48
2.0,350.0,2600.0,473.39
2.0,350.0,2700.0,478.33
2.0,350.0,2800.0,483.3
2.0,350.0,2900.0,488.31
2.0,350.0,3000.0,493.35
2.0,350.0,3100.0,498.44
2.0,350.0,3200.0,503.57
2.0,350.0,3300.0,508.76
2.0,350.0,3400.0,514.0
2.0,350.0,3500.0,519.3
2.0,350.0,3600.0,524.67
2.0,350.0,3700.0,530.1
2.0,350.0,3800.0,535.61
2.0,350.0,3900.0,541.2
2.0,350.0,4000.0,546.86
2.0,350.0,4100.0,552.62
2.0,350.0,4200.0,558.47
2.0,350.0,4300.0,564.42
2.0,350.0,4400.0,570.47
2.0,350.0,4500.0,576.63
2.0,350.0,4600.0,582.91
2.0,350.0,4700.0,589.32
2.0,350.0,4800.0,595.85
2.0,350.0,4900.0,602.52
2.0,350.0,5000.0,609.34
2.0,350.0,5100.0,616.32
2.0,350.0,5200.0,623.46
2.0,350.0,5300.0,630.77
2.0,350.0,5400.0,638.27
2.0,350.0,5500.0,645.97
2.0,350.0,5600.0,653.88
2.0,350.0,5700.0,662.01
2.0,350.0,5800.0,670.38
2.0,350.0,5900.0,679.01
2.0,350.0,6000.0,687.91
2.0,350.0,6100.0,697.1
2.0,350.0,6200.0,706.6
2.0,350.0,6300.0,716.45
2.0,350.0,6400.0,726.66
2.0,350.0,6500.0,737.26
2.0,350.0,6600.0,748.3
2.0,350.0,6700.0,759.8
2.0,350.0,6800.0,771.81
2.0,350.0,6900.0,784.38
2.0,350.0,7000.0,800.52
2.0,350.0,7100.0,807.07
2.0,350.0,7200.0,813.72
2.0,350.0,7300.0,820.47
2.0,350.0,7400.0,827.32
2.0,350.0,7500.0,834.29
2.0,350.0,7600.0,841.36
2.0,350.0,7700.0,848.55
2.0,350.0,7800.0,855.86
2.0,350.0,7900.0,863.37
2.0,350.0,8000.0,870.36
2.0,350.0,8100.0,877.43
2.0,350.0,8200.0,884.5
2.0,350.0,8300.0,891.35
2.0,350.0,8400.0,898.32
2.0,350.0,8500.0,904.92
2.0,350.0,8600.0,911.59
2.0,350.0,8700.0,918.14
2.0,350.0,8800.0,924.63
2.0,350.0,8900.0,931.15
2.0,350.0,9000.0,937.38
2.0,350.0,9100.0,943.67
2.0,350.0,9200.0,949.83
2.0,350.0,9300.0,956.02
2.0,350.0,9400.0,962.01
2.0,350.0,9500.0,968.01
2.0,350.0,9600.0,973.92
2.0,350.0,9700.0,979.77
2.0,350.0,9800.0,985.55
2.0,350.0,9900.0,991.29
2.0,350.0,10000.0,996.99
2.0,350.0,10100.0,1002.6
2.0,350.0,10200.0,1008.1
2.0,350.0,10300.0,1013.6
2.0,350.0,10400.0,1019.2
2.0,350.0,10500.0,1024.4
2.0,350.0,10600.0,1029.7
2.0,350.0,10700.0,1035.0
2.0,350.0,10800.0,1040.2
2.0,350.0,10900.0,1045.4
2.0,350.0,11000.0,1050.5
2.0,350.0,11100.0,1055.6
2.0,350.0,11200.0,1060.6
2.0,350.0,11300.0,1065.6
2.0,350.0,11400.0,1070.5
2.0,350.0,11500.0,1075.4
2.0,350.0,11600.0,1080.3
2.0,350.0,11700.0,1085.1
2.0,350.0,11800.0,1089.8
2.0,350.0,11900.0,1094.5
2.0,350.0,12000.0,1099.2
2.0,350.0,12100.0,1103.8
2.0,350.0,12200.0,1108.4
2.0,350.0,12300.0,1113.0
2.0,350.0,12400.0,1117.4
2.0,350.0,12500.0,1121.9
2.0,350.0,12600.0,1126.3
2.0,350.0,12700.0,1130.7
2.0,350.0,12800.0,1135.1
2.0,350.0,12900.0,1139.4
2.0,350.0,13000.0,1143.6
2.0,350.0,13100.0,1147.9
2.0,350.0,13200.0,1152.1
2.0,350.0,13300.0,1156.3
2.0,350.0,13400.0,1160.4
2.0,350.0,13500.0,1164.5
2.0,350.0,13600.0,1168.6
2.0,350.0,13700.0,1172.7
2.0,350.0,13800.0,1176.6
2.0,350.0,13900.0,1180.6
2.0,350.0,14000.0,1184.6
2.0,400.0,0.0,406.36
2.0,400.0,100.0,439.8
2.0,400.0,200.0,460.13
2.0,400.0,300.0,476.35
2.0,400.0,400.0,490.58
2.0,400.0,500.0,503.63
2.0,400.0,600.0,515.93
2.0,400.0,700.0,527.71
2.0,400.0,800.0,539.12
2.0,400.0,900.0,550.28
2.0,400.0,1000.0,561.27
2.0,400.0,1100.0,572.16
2.0,400.0,1200.0,582.99
2.0,400.0,1300.0,593.81
2.0,400.0,1400.0,604.66
2.0,400.0,1500.0,615.57
2.0,400.0,1600.0,626.57
2.0,400.0,1700.0,637.69
2.0,400.0,1800.0,648.95
2.0,400.0,1900.0,660.39
2.0,400.0,2000.0,672.03
2.0,400.0,2100.0,683.9
2.0,400.0,2200.0,696.03
2.0,400.0,2300.0,708.45
2.0,400.0,2400.0,721.18
2.0,400.0,2500.0,734.27
2.0,400.0,2600.0,747.75
2.0,400.0,2700.0,761.65
2.0,400.0,2800.0,776.03
2.0,400.0,2900.0,790.92
2.0,400.0,3000.0,806.39
2.0,400.0,3100.0,822.49
2.0,400.0,3200.0,839.29
2.0,400.0,3300.0,856.87
2.0,400.0,3400.0,875.32
2.0,400.0,3500.0,894.74
2.0,400.0,3600.0,915.24
2.0,400.0,3700.0,936.98
2.0,400.0,3800.0,960.12
2.0,400.0,3900.0,984.86
2.0,400.0,4000.0,1011.5
2.0,400.0,4100.0,1043.8
2.0,400.0,4200.0,1058.6
2.0,400.0,4300.0,1073.8
2.0,400.0,4400.0,1089.5
2.0,400.0,4500.0,1105.5
2.0,400.0,4600.0,1122.1
2.0,400.0,4700.0,1138.0
2.0,400.0,4800.0,1154.0
2.0,400.0,4900.0,1169.0
2.0,400.0,5000.0,1184.6
2.0,400.0,5100.0,1198.7
2.0,400.0,5200.0,1213.2
2.0,400.0,5300.0,1227.2
2.0,400.0,5400.0,1241.2
2.0,400.0,5500.0,1254.6
2.0,400.0,5600.0,1268.6
2.0,400.0,5700.0,1281.0
2.0,400.0,5800.0,1293.8
2.0,400.0,5900.0,1306.5
2.0,400.0,6000.0,1318.7
2.0,400.0,6100.0,1331.1
2.0,400.0,6200.0,1342.7
2.0,400.0,6300.0,1354.6
2.0,400.0,6400.0,1366.0
2.0,400.0,6500.0,1377.7
2.0,400.0,6600.0,1388.5
2.0,400.0,6700.0,1399.5
2.0,400.0,6800.0,1410.3
2.0,400.0,6900.0,1421.0
2.0,400.0,7000.0,1431.5
2.0,400.0,7100.0,1441.7
2.0,400.0,7200.0,1451.9
2.0,400.0,7300.0,1462.0
2.0,400.0,7400.0,1471.8
2.0,400.0,7500.0,1481.5
2.0,400.0,7600.0,1491.2
2.0,400.0,7700.0,1500.5
2.0,400.0,7800.0,1510.1
2.0,400.0,7900.0,1519.0
2.0,400.0,8000.0,1528.1
2.0,400.0,8100.0,1537.0
2.0,400.0,8200.0,1545.8
2.0,400.0,8300.0,1554.5
2.0,400.0,8400.0,1563.1
2.0,400.0,8500.0,1571.7
2.0,400.0,8600.0,1580.0
2.0,400.0,8700.0,1588.3
2.0,400.0,8800.0,1596.4
2.0,400.0,8900.0,1604.4
2.0,400.0,9000.0,1612.4
2.0,400.0,9100.0,1620.3
2.0,400.0,9200.0,1628.0
2.0,400.0,9300.0,1635.7
2.0,400.0,9400.0,1643.3
2.0,400.0,9500.0,1650.8
2.0,400.0,9600.0,1658.2
2.0,400.0,9700.0,1665.5
2.0,400.0,9800.0,1672.7
2.0,400.0,9900.0,1679.9
2.0,400.0,10000.0,1687.0
2.0,400.0,10100.0,1694.0
2.0,400.0,10200.0,1700.9
2.0,400.0,10300.0,1707.7
2.0,400.0,10400.0,1714.5
2.0,400.0,10500.0,1721.3
2.0,400.0,10600.0,1727.8
2.0,400.0,10700.0,1734.4
2.0,400.0,10800.0,1740.9
2.0,400.0,10900.0,1747.4
2.0,400.0,11000.0,1753.7
2.0,400.0,11100.0,1760.0
2.0,400.0,11200.0,1766.2
2.0,400.0,11300.0,1772.4
2.0,400.0,11400.0,1778.5
2.0,400.0,11500.0,1784.5
2.0,400.0,11600.0,1790.5
2.0,400.0,11700.0,1796.5
2.0,400.0,11800.0,1802.4
2.0,400.0,11900.0,1808.1
2.0,400.0,12000.0,1813.9
2.0,400.0,12100.0,1819.6
2.0,400.0,12200.0,1825.2
2.0,400.0,12300.0,1830.9
2.0,400.0,12400.0,1836.4
2.0,400.0,12500.0,1841.9
2.0,400.0,12600.0,1847.4
2.0,400.0,12700.0,1852.8
2.0,400.0,12800.0,1858.1
2.0,400.0,12900.0,1863.4
2.0,400.0,13000.0,1868.7
2.0,400.0,13100.0,1873.9
2.0,400.0,13200.0,1879.0
2.0,400.0,13300.0,1884.2
2.0,400.0,13400.0,1889.4
2.0,400.0,13500.0,1894.3
2.0,400.0,13600.0,1899.3
2.0,400.0,13700.0,1904.2
2.0,400.0,13800.0,1909.3
2.0,400.0,13900.0,1914.0
2.0,400.0,14000.0,1918.8
2.0,450.0,0.0,514.3
2.0,450.0,100.0,573.0
2.0,450.0,200.0,606.68
2.0,450.0,300.0,634.26
2.0,450.0,400.0,659.09
2.0,450.0,500.0,682.41
2.0,450.0,600.0,704.92
2.0,450.0,700.0,727.0
2.0,450.0,800.0,748.93
2.0,450.0,900.0,770.93
2.0,450.0,1000.0,793.16
2.0,450.0,1100.0,815.78
2.0,450.0,1200.0,838.94
2.0,450.0,1300.0,862.77
2.0,450.0,1400.0,887.41
2.0,450.0,1500.0,913.04
2.0,450.0,1600.0,939.81
2.0,450.0,1700.0,967.93
2.0,450.0,1800.0,997.61
2.0,450.0,1900.0,1029.1
2.0,450.0,2000.0,1062.8
2.0,450.0,2100.0,1099.0
2.0,450.0,2200.0,1138.2
2.0,450.0,2300.0,1181.1
2.0,450.0,2400.0,1228.4
2.0,450.0,2500.0,1281.3
2.0,450.0,2600.0,1354.0
2.0,450.0,2700.0,1379.7
2.0,450.0,2800.0,1406.2
2.0,450.0,2900.0,1433.6
2.0,450.0,3000.0,1462.1
2.0,450.0,3100.0,1491.6
2.0,450.0,3200.0,1523.1
2.0,450.0,3300.0,1550.3
2.0,450.0,3400.0,1578.7
2.0,450.0,3500.0,1605.2
2.0,450.0,3600.0,1632.9
2.0,450.0,3700.0,1657.1
2.0,450.0,3800.0,1681.9
2.0,450.0,3900.0,1706.1
2.0,450.0,4000.0,1729.4
2.0,450.0,4100.0,1752.4
2.0,450.0,4200.0,1774.5
2.0,450.0,4300.0,1796.4
2.0,450.0,4400.0,1817.3
2.0,450.0,4500.0,1838.5
2.0,450.0,4600.0,1858.2
2.0,450.0,4700.0,1878.3
2.0,450.0,4800.0,1897.1
2.0,450.0,4900.0,1916.5
2.0,450.0,5000.0,1934.4
2.0,450.0,5100.0,1952.7
2.0,450.0,5200.0,1970.0
2.0,450.0,5300.0,1987.5
2.0,450.0,5400.0,2004.2
2.0,450.0,5500.0,2021.3
2.0,450.0,5600.0,2037.0
2.0,450.0,5700.0,2052.9
2.0,450.0,5800.0,2068.6
2.0,450.0,5900.0,2083.9
2.0,450.0,6000.0,2099.0
2.0,450.0,6100.0,2113.7
2.0,450.0,6200.0,2128.4
2.0,450.0,6300.0,2142.4
2.0,450.0,6400.0,2156.5
2.0,450.0,6500.0,2170.1
2.0,450.0,6600.0,2184.0
2.0,450.0,6700.0,2197.0
2.0,450.0,6800.0,2210.0
2.0,450.0,6900.0,2222.9
2.0,450.0,7000.0,2235.6
2.0,450.0,7100.0,2248.0
2.0,450.0,7200.0,2260.3
2.0,450.0,7300.0,2272.3
2.0,450.0,7400.0,2284.2
2.0,450.0,7500.0,2295.8
2.0,450.0,7600.0,2307.5
2.0,450.0,7700.0,2318.7
2.0,450.0,7800.0,2330.0
2.0,450.0,7900.0,2340.9
2.0,450.0,8000.0,2351.7
2.0,450.0,8100.0,2362.5
2.0,450.0,8200.0,2373.0
2.0,450.0,8300.0,2383.4
2.0,450.0,8400.0,2393.8
2.0,450.0,8500.0,2403.8
2.0,450.0,8600.0,2413.8
2.0,450.0,8700.0,2423.7
2.0,450.0,8800.0,2433.4
2.0,450.0,8900.0,2443.1
2.0,450.0,9000.0,2452.5
2.0,450.0,9100.0,2461.9
2.0,450.0,9200.0,2471.1
2.0,450.0,9300.0,2480.4
2.0,450.0,9400.0,2489.2
2.0,450.0,9500.0,2498.2
2.0,450.0,9600.0,2506.9
2.0,450.0,9700.0,2515.6
2.0,450.0,9800.0,2524.3
2.0,450.0,9900.0,2532.7
2.0,450.0,10000.0,2541.1
2.0,450.0,10100.0,2549.4
2.0,450.0,10200.0,2557.8
2.0,450.0,10300.0,2565.7
2.0,450.0,10400.0,2573.7
2.0,450.0,10500.0,2581.6
2.0,450.0,10600.0,2589.5
2.0,450.0,10700.0,2597.4
2.0,450.0,10800.0,2604.9
2.0,450.0,10900.0,2612.5
2.0,450.0,11000.0,2620.0
2.0,450.0,11100.0,2627.5
2.0,450.0,11200.0,2634.8
2.0,450.0,11300.0,2642.0
2.0,450.0,11400.0,2649.2
2.0,450.0,11500.0,2656.4
2.0,450.0,11600.0,2663.4
2.0,450.0,11700.0,2670.4
2.0,450.0,11800.0,2677.5
2.0,450.0,11900.0,2684.2
2.0,450.0,12000.0,2690.9
2.0,450.0,12100.0,2697.7
2.0,450.0,12200.0,2704.5
2.0,450.0,12300.0,2710.9
2.0,450.0,12400.0,2717.4
2.0,450.0,12500.0,2723.9
2.0,450.0,12600.0,2730.3
2.0,450.0,12700.0,2736.7
2.0,450.0,12800.0,2742.9
2.0,450.0,12900.0,2749.1
2.0,450.0,13000.0,2755.3
2.0,450.0,13100.0,2761.4
2.0,450.0,13200.0,2767.5
2.0,450.0,13300.0,2773.4
2.0,450.0,13400.0,2779.4
2.0,450.0,13500.0,2785.3
2.0,450.0,13600.0,2791.2
2.0,450.0,13700.0,2796.9
2.0,450.0,13800.0,2802.7
2.0,450.0,13900.0,2808.4
2.0,450.0,14000.0,2814.0
2.0,500.0,0.0,634.94
2.0,500.0,100.0,730.62
2.0,500.0,200.0,784.55
2.0,500.0,300.0,830.29
2.0,500.0,400.0,872.89
2.0,500.0,500.0,914.28
2.0,500.0,600.0,955.65
2.0,500.0,700.0,997.75
2.0,500.0,800.0,1041.2
2.0,500.0,900.0,1086.7
2.0,500.0,1000.0,1134.9
2.0,500.0,1100.0,1186.5
2.0,500.0,1200.0,1242.5
2.0,500.0,1300.0,1303.9
2.0,500.0,1400.0,1372.4
2.0,500.0,1500.0,1450.2
2.0,500.0,1600.0,1540.6
2.0,500.0,1700.0,1663.7
2.0,500.0,1800.0,1713.5
2.0,500.0,1900.0,1766.0
2.0,500.0,2000.0,1821.6
2.0,500.0,2100.0,1883.7
2.0,500.0,2200.0,1932.5
2.0,500.0,2300.0,1984.2
2.0,500.0,2400.0,2032.3
2.0,500.0,2500.0,2080.7
2.0,500.0,2600.0,2123.8
2.0,500.0,2700.0,2169.9
2.0,500.0,2800.0,2208.6
2.0,500.0,2900.0,2248.8
2.0,500.0,3000.0,2286.8
2.0,500.0,3100.0,2324.8
2.0,500.0,3200.0,2359.5
2.0,500.0,3300.0,2396.5
2.0,500.0,3400.0,2427.9
2.0,500.0,3500.0,2460.2
2.0,500.0,3600.0,2491.8
2.0,500.0,3700.0,2521.9
2.0,500.0,3800.0,2552.2
2.0,500.0,3900.0,2580.3
2.0,500.0,4000.0,2609.6
2.0,500.0,4100.0,2635.5
2.0,500.0,4200.0,2661.9
2.0,500.0,4300.0,2687.5
2.0,500.0,4400.0,2712.9
2.0,500.0,4500.0,2737.0
2.0,500.0,4600.0,2761.7
2.0,500.0,4700.0,2784.1
2.0,500.0,4800.0,2807.0
2.0,500.0,4900.0,2829.0
2.0,500.0,5000.0,2850.8
2.0,500.0,5100.0,2871.9
2.0,500.0,5200.0,2892.6
2.0,500.0,5300.0,2913.0
2.0,500.0,5400.0,2932.7
2.0,500.0,5500.0,2952.2
2.0,500.0,5600.0,2971.3
2.0,500.0,5700.0,2989.9
2.0,500.0,5800.0,3008.6
2.0,500.0,5900.0,3026.0
2.0,500.0,6000.0,3043.6
2.0,500.0,6100.0,3060.8
2.0,500.0,6200.0,3077.7
2.0,500.0,6300.0,3094.5
2.0,500.0,6400.0,3110.6
2.0,500.0,6500.0,3126.8
2.0,500.0,6600.0,3142.3
2.0,500.0,6700.0,3158.0
2.0,500.0,6800.0,3173.0
2.0,500.0,6900.0,3187.9
2.0,500.0,7000.0,3202.6
2.0,500.0,7100.0,3217.0
2.0,500.0,7200.0,3231.2
2.0,500.0,7300.0,3245.3
2.0,500.0,7400.0,3258.9
2.0,500.0,7500.0,3272.4
2.0,500.0,7600.0,3285.7
2.0,500.0,7700.0,3298.9
2.0,500.0,7800.0,3311.9
2.0,500.0,7900.0,3324.5
2.0,500.0,8000.0,3337.1
2.0,500.0,8100.0,3349.5
2.0,500.0,8200.0,3361.6
2.0,500.0,8300.0,3373.9
2.0,500.0,8400.0,3385.4
2.0,500.0,8500.0,3397.1
2.0,500.0,8600.0,3408.9
2.0,500.0,8700.0,3420.0
2.0,500.0,8800.0,3431.2
2.0,500.0,8900.0,3442.5
2.0,500.0,9000.0,3453.2
2.0,500.0,9100.0,3463.9
2.0,500.0,9200.0,3474.5
2.0,500.0,9300.0,3485.1
2.0,500.0,9400.0,3495.4
2.0,500.0,9500.0,3505.6
2.0,500.0,9600.0,3515.8
2.0,500.0,9700.0,3525.7
2.0,500.0,9800.0,3535.6
2.0,500.0,9900.0,3545.3
2.0,500.0,10000.0,3555.0
2.0,500.0,10100.0,3564.4
2.0,500.0,10200.0,3573.9
2.0,500.0,10300.0,3583.1
2.0,500.0,10400.0,3592.3
2.0,500.0,10500.0,3601.3
2.0,500.0,10600.0,3610.4
2.0,500.0,10700.0,3619.2
2.0,500.0,10800.0,3628.0
2.0,500.0,10900.0,3636.6
2.0,500.0,11000.0,3645.3
2.0,500.0,11100.0,3653.7
2.0,500.0,11200.0,3662.2
2.0,500.0,11300.0,3670.4
2.0,500.0,11400.0,3678.7
2.0,500.0,11500.0,3686.8
2.0,500.0,11600.0,3694.9
2.0,500.0,11700.0,3702.8
2.0,500.0,11800.0,3710.7
2.0,500.0,11900.0,3718.6
2.0,500.0,12000.0,3726.3
2.0,500.0,12100.0,3734.0
2.0,500.0,12200.0,3741.5
2.0,500.0,12300.0,3749.0
2.0,500.0,12400.0,3756.5
2.0,500.0,12500.0,3763.8
2.0,500.0,12600.0,3771.1
2.0,500.0,12700.0,3778.3
2.0,500.0,12800.0,3785.4
2.0,500.0,12900.0,3792.6
2.0,500.0,13000.0,3799.6
2.0,500.0,13100.0,3806.6
2.0,500.0,13200.0,3813.4
2.0,500.0,13300.0,3820.2
2.0,500.0,13400.0,3827.1
2.0,500.0,13500.0,3833.7
2.0,500.0,13600.0,3840.4
2.0,500.0,13700.0,3847.0
2.0,500.0,13800.0,3853.5
2.0,500.0,13900.0,3860.0
2.0,500.0,14000.0,3866.4
4.0,300.0,0.0,216.05
4.0,300.0,100.0,217.34
4.0,300.0,200.0,218.65
4.0,300.0,300.0,219.97
4.0,300.0,400.0,221.31
4.0,300.0,500.0,222.65
4.0,300.0,600.0,223.98
4.0,300.0,700.0,225.32
4.0,300.0,800.0,226.64
4.0,300.0,900.0,227.95
4.0,300.0,1000.0,229.24
4.0,300.0,1100.0,230.52
4.0,300.0,1200.0,231.78
4.0,300.0,1300.0,233.03
4.0,300.0,1400.0,234.26
4.0,300.0,1500.0,235.47
4.0,300.0,1600.0,236.67
4.0,300.0,1700.0,237.85
4.0,300.0,1800.0,239.02
4.0,300.0,1900.0,240.17
4.0,300.0,2000.0,241.31
4.0,300.0,2100.0,242.43
4.0,300.0,2200.0,243.54
4.0,300.0,2300.0,244.64
4.0,300.0,2400.0,245.73
4.0,300.0,2500.0,246.81
4.0,300.0,2600.0,247.88
4.0,300.0,2700.0,248.94
4.0,300.0,2800.0,249.99
4.0,300.0,2900.0,251.04
4.0,300.0,3000.0,252.07
4.0,300.0,3100.0,253.1
4.0,300.0,3200.0,254.12
4.0,300.0,3300.0,255.13
4.0,300.0,3400.0,256.14
4.0,300.0,3500.0,257.14
4.0,300.0,3600.0,258.14
4.0,300.0,3700.0,259.13
4.0,300.0,3800.0,260.12
4.0,300.0,3900.0,261.1
4.0,300.0,4000.0,262.08
4.0,300.0,4100.0,263.06
4.0,300.0,4200.0,264.03
4.0,300.0,4300.0,264.99
4.0,300.0,4400.0,265.96
4.0,300.0,4500.0,266.92
4.0,300.0,4600.0,267.88
4.0,300.0,4700.0,268.83
4.0,300.0,4800.0,269.79
4.0,300.0,4900.0,270.74
4.0,300.0,5000.0,271.69
4.0,300.0,5100.0,272.64
4.0,300.0,5200.0,273.58
4.0,300.0,5300.0,274.53
4.0,300.0,5400.0,275.47
4.0,300.0,5500.0,276.41
4.0,300.0,5600.0,277.35
4.0,300.0,5700.0,278.3
4.0,300.0,5800.0,279.24
4.0,300.0,5900.0,280.17
4.0,300.0,6000.0,281.11
4.0,300.0,6100.0,282.05
4.0,300.0,6200.0,282.99
4.0,300.0,6300.0,283.93
4.0,300.0,6400.0,284.87
4.0,300.0,6500.0,285.81
4.0,300.0,6600.0,286.75
4.0,300.0,6700.0,287.68
4.0,300.0,6800.0,288.62
4.0,300.0,6900.0,289.56
4.0,300.0,7000.0,290.51
4.0,300.0,7100.0,291.45
4.0,300.0,7200.0,292.39
4.0,300.0,7300.0,293.33
4.0,300.0,7400.0,294.28
4.0,300.0,7500.0,295.23
4.0,300.0,7600.0,296.17
4.0,300.0,7700.0,297.12
4.0,300.0,7800.0,298.07
4.0,300.0,7900.0,299.02
4.0,300.0,8000.0,299.98
4.0,300.0,8100.0,300.93
4.0,300.0,8200.0,301.89
4.0,300.0,8300.0,302.85
4.0,300.0,8400.0,303.81
4.0,300.0,8500.0,304.77
4.0,300.0,8600.0,305.74
4.0,300.0,8700.0,306.71
4.0,300.0,8800.0,307.68
4.0,300.0,8900.0,308.65
4.0,300.0,9000.0,309.62
4.0,300.0,9100.0,310.6
4.0,300.0,9200.0,311.58
4.0,300.0,9300.0,312.57
4.0,300.0,9400.0,313.55
4.0,300.0,9500.0,314.54
4.0,300.0,9600.0,315.53
4.0,300.0,9700.0,316.53
4.0,300.0,9800.0,317.52
4.0,300.0,9900.0,318.53
4.0,300.0,10000.0,319.53
4.0,300.0,10100.0,320.54
4.0,300.0,10200.0,321.55
4.0,300.0,10300.0,322.57
4.0,300.0,10400.0,323.58
4.0,300.0,10500.0,324.61
4.0,300.0,10600.0,325.63
4.0,300.0,10700.0,326.66
4.0,300.0,10800.0,327.7
4.0,300.0,10900.0,328.74
4.0,300.0,11000.0,329.78
4.0,300.0,11100.0,330.83
4.0,300.0,11200.0,331.88
4.0,300.0,11300.0,332.93
4.0,300.0,11400.0,334.0
4.0,300.0,11500.0,335.06
4.0,300.0,11600.0,336.13
4.0,300.0,11700.0,337.21
4.0,300.0,11800.0,338.29
4.0,300.0,11900.0,339.37
4.0,300.0,12000.0,340.46
4.0,300.0,12100.0,341.56
4.0,300.0,12200.0,342.66
4.0,300.0,12300.0,343.76
4.0,300.0,12400.0,344.87
4.0,300.0,12500.0,345.99
4.0,300.0,12600.0,347.11
4.0,300.0,12700.0,348.24
4.0,300.0,12800.0,349.38
4.0,300.0,12900.0,350.52
4.0,300.0,13000.0,351.66
4.0,300.0,13100.0,352.82
4.0,300.0,13200.0,353.98
4.0,300.0,13300.0,355.14
4.0,300.0,13400.0,356.32
4.0,300.0,13500.0,357.5
4.0,300.0,13600.0,358.68
4.0,300.0,13700.0,359.88
4.0,300.0,13800.0,361.08
4.0,300.0,13900.0,362.29
4.0,300.0,14000.0,363.5
4.0,350.0,0.0,294.07
4.0,350.0,100.0,297.33
4.0,350.0,200.0,300.68
4.0,350.0,300.0,304.05
4.0,350.0,400.0,307.41
4.0,350.0,500.0,310.71
4.0,350.0,600.0,313.95
4.0,350.0,700.0,317.11
4.0,350.0,800.0,320.19
4.0,350.0,900.0,323.19
4.0,350.0,1000.0,326.13
4.0,350.0,1100.0,328.99
4.0,350.0,1200.0,331.8
4.0,350.0,1300.0,334.56
4.0,350.0,1400.0,337.26
4.0,350.0,1500.0,339.92
4.0,350.0,1600.0,342.55
4.0,350.0,1700.0,345.13
4.0,350.0,1800.0,347.69
4.0,350.0,1900.0,350.22
4.0,350.0,2000.0,352.72
4.0,350.0,2100.0,355.2
4.0,350.0,2200.0,357.66
4.0,350.0,2300.0,360.1
4.0,350.0,2400.0,362.53
4.0,350.0,2500.0,364.95
4.0,350.0,2600.0,367.35
4.0,350.0,2700.0,369.74
4.0,350.0,2800.0,372.13
4.0,350.0,2900.0,374.51
4.0,350.0,3000.0,376.88
4.0,350.0,3100.0,379.25
4.0,350.0,3200.0,381.61
4.0,350.0,3300.0,383.98
4.0,350.0,3400.0,386.34
4.0,350.0,3500.0,388.7
4.0,350.0,3600.0,391.07
4.0,350.0,3700.0,393.43
4.0,350.0,3800.0,395.8
4.0,350.0,3900.0,398.18
4.0,350.0,4000.0,400.55
4.0,350.0,4100.0,402.94
4.0,350.0,4200.0,405.33
4.0,350.0,4300.0,407.73
4.0,350.0,4400.0,410.13
4.0,350.0,4500.0,412.55
4.0,350.0,4600.0,414.97
4.0,350.0,4700.0,417.4
4.0,350.0,4800.0,419.85
4.0,350.0,4900.0,422.31
4.0,350.0,5000.0,424.78
4.0,350.0,5100.0,427.26
4.0,350.0,5200.0,429.75
4.0,350.0,5300.0,432.26
4.0,350.0,5400.0,434.79
4.0,350.0,5500.0,437.33
4.0,350.0,5600.0,439.89
4.0,350.0,5700.0,442.47
4.0,350.0,5800.0,445.06
4.0,350.0,5900.0,447.67
4.0,350.0,6000.0,450.31
4.0,350.0,6100.0,452.96
4.0,350.0,6200.0,455.64
4.0,350.0,6300.0,458.33
4.0,350.0,6400.0,461.05
4.0,350.0,6500.0,463.8
4.0,350.0,6600.0,466.56
4.0,350.0,6700.0,469.36
4.0,350.0,6800.0,472.18
4.0,350.0,6900.0,475.02
4.0,350.0,7000.0,477.9
4.0,350.0,7100.0,480.8
4.0,350.0,7200.0,483.74
4.0,350.0,7300.0,486.71
4.0,350.0,7400.0,489.7
4.0,350.0,7500.0,492.74
4.0,350.0,7600.0,495.8
4.0,350.0,7700.0,498.91
4.0,350.0,7800.0,502.05
4.0,350.0,7900.0,505.22
4.0,350.0,8000.0,508.44
4.0,350.0,8100.0,511.7
4.0,350.0,8200.0,515.0
4.0,350.0,8300.0,518.34
4.0,350.0,8400.0,521.73
4.0,350.0,8500.0,525.17
4.0,350.0,8600.0,528.66
4.0,350.0,8700.0,532.19
4.0,350.0,8800.0,535.78
4.0,350.0,8900.0,539.42
4.0,350.0,9000.0,543.12
4.0,350.0,9100.0,546.88
4.0,350.0,9200.0,550.7
4.0,350.0,9300.0,554.58
4.0,350.0,9400.0,558.52
4.0,350.0,9500.0,562.54
4.0,350.0,9600.0,566.62
4.0,350.0,9700.0,570.78
4.0,350.0,9800.0,575.02
4.0,350.0,9900.0,579.33
4.0,350.0,10000.0,583.73
4.0,350.0,10100.0,588.21
4.0,350.0,10200.0,592.89
4.0,350.0,10300.0,595.08
4.0,350.0,10400.0,597.29
4.0,350.0,10500.0,599.51
4.0,350.0,10600.0,601.75
4.0,350.0,10700.0,604.0
4.0,350.0,10800.0,606.26
4.0,350.0,10900.0,608.54
4.0,350.0,11000.0,610.84
4.0,350.0,11100.0,613.15
4.0,350.0,11200.0,615.48
4.0,350.0,11300.0,617.82
4.0,350.0,11400.0,620.17
4.0,350.0,11500.0,622.49
4.0,350.0,11600.0,624.83
4.0,350.0,11700.0,627.15
4.0,350.0,11800.0,629.48
4.0,350.0,11900.0,631.78
4.0,350.0,12000.0,634.08
4.0,350.0,12100.0,636.37
4.0,350.0,12200.0,638.65
4.0,350.0,12300.0,640.92
4.0,350.0,12400.0,643.17
4.0,350.0,12500.0,645.43
4.0,350.0,12600.0,647.64
4.0,350.0,12700.0,649.86
4.0,350.0,12800.0,652.06
4.0,350.0,12900.0,654.24
4.0,350.0,13000.0,656.42
4.0,350.0,13100.0,658.57
4.0,350.0,13200.0,660.72
4.0,350.0,13300.0,662.85
4.0,350.0,13400.0,664.97
4.0,350.0,13500.0,667.08
4.0,350.0,13600.0,669.16
4.0,350.0,13700.0,671.24
4.0,350.0,13800.0,673.3
4.0,350.0,13900.0,675.35
4.0,350.0,14000.0,677.4
4.0,400.0,0.0,384.09
4.0,400.0,100.0,391.43
4.0,400.0,200.0,398.93
4.0,400.0,300.0,406.32
4.0,400.0,400.0,413.44
4.0,400.0,500.0,420.27
4.0,400.0,600.0,426.83
4.0,400.0,700.0,433.13
4.0,400.0,800.0,439.23
4.0,400.0,900.0,445.16
4.0,400.0,1000.0,450.94
4.0,400.0,1100.0,456.61
4.0,400.0,1200.0,462.17
4.0,400.0,1300.0,467.66
4.0,400.0,1400.0,473.08
4.0,400.0,1500.0,478.45
4.0,400.0,1600.0,483.78
4.0,400.0,1700.0,489.08
4.0,400.0,1800.0,494.36
4.0,400.0,1900.0,499.62
4.0,400.0,2000.0,504.88
4.0,400.0,2100.0,510.14
4.0,400.0,2200.0,515.41
4.0,400.0,2300.0,520.7
4.0,400.0,2400.0,526.0
4.0,400.0,2500.0,531.32
4.0,400.0,2600.0,536.68
4.0,400.0,2700.0,542.07
4.0,400.0,2800.0,547.5
4.0,400.0,2900.0,552.97
4.0,400.0,3000.0,558.49
4.0,400.0,3100.0,564.06
4.0,400.0,3200.0,569.69
4.0,400.0,3300.0,575.38
4.0,400.0,3400.0,581.14
4.0,400.0,3500.0,586.97
4.0,400.0,3600.0,592.88
4.0,400.0,3700.0,598.87
4.0,400.0,3800.0,604.95
4.0,400.0,3900.0,611.12
4.0,400.0,4000.0,617.39
4.0,400.0,4100.0,623.77
4.0,400.0,4200.0,630.25
4.0,400.0,4300.0,636.85
4.0,400.0,4400.0,643.58
4.0,400.0,4500.0,650.44
4.0,400.0,4600.0,657.43
4.0,400.0,4700.0,664.58
4.0,400.0,4800.0,671.88
4.0,400.0,4900.0,679.34
4.0,400.0,5000.0,686.99
4.0,400.0,5100.0,694.82
4.0,400.0,5200.0,702.84
4.0,400.0,5300.0,711.08
4.0,400.0,5400.0,719.55
4.0,400.0,5500.0,728.25
4.0,400.0,5600.0,737.21
4.0,400.0,5700.0,746.44
4.0,400.0,5800.0,755.97
4.0,400.0,5900.0,765.81
4.0,400.0,6000.0,777.96
4.0,400.0,6100.0,782.55
4.0,400.0,6200.0,787.18
4.0,400.0,6300.0,791.86
4.0,400.0,6400.0,796.59
4.0,400.0,6500.0,801.37
4.0,400.0,6600.0,806.19
4.0,400.0,6700.0,811.07
4.0,400.0,6800.0,816.0
4.0,400.0,6900.0,820.98
4.0,400.0,7000.0,826.01
4.0,400.0,7100.0,831.09
4.0,400.0,7200.0,836.18
4.0,400.0,7300.0,841.16
4.0,400.0,7400.0,846.15
4.0,400.0,7500.0,851.03
4.0,400.0,7600.0,855.94
4.0,400.0,7700.0,860.69
4.0,400.0,7800.0,865.46
4.0,400.0,7900.0,870.15
4.0,400.0,8000.0,874.81
4.0,400.0,8100.0,879.39
4.0,400.0,8200.0,883.99
4.0,400.0,8300.0,888.42
4.0,400.0,8400.0,892.89
4.0,400.0,8500.0,897.26
4.0,400.0,8600.0,901.61
4.0,400.0,8700.0,905.9
4.0,400.0,8800.0,910.15
4.0,400.0,8900.0,914.35
4.0,400.0,9000.0,918.53
4.0,400.0,9100.0,922.62
4.0,400.0,9200.0,926.7
4.0,400.0,9300.0,930.72
4.0,400.0,9400.0,934.7
4.0,400.0,9500.0,938.64
4.0,400.0,9600.0,942.54
4.0,400.0,9700.0,946.39
4.0,400.0,9800.0,950.21
4.0,400.0,9900.0,953.98
4.0,400.0,10000.0,957.73
4.0,400.0,10100.0,961.42
4.0,400.0,10200.0,965.1
4.0,400.0,10300.0,968.71
4.0,400.0,10400.0,972.29
4.0,400.0,10500.0,975.86
4.0,400.0,10600.0,979.38
4.0,400.0,10700.0,982.87
4.0,400.0,10800.0,986.33
4.0,400.0,10900.0,989.73
4.0,400.0,11000.0,993.13
4.0,400.0,11100.0,996.48
4.0,400.0,11200.0,999.81
4.0,400.0,11300.0,1003.1
4.0,400.0,11400.0,1006.4
4.0,400.0,11500.0,1009.6
4.0,400.0,11600.0,1012.8
4.0,400.0,11700.0,1016.0
4.0,400.0,11800.0,1019.1
4.0,400.0,11900.0,1022.2
4.0,400.0,12000.0,1025.3
4.0,400.0,12100.0,1028.4
4.0,400.0,12200.0,1031.5
4.0,400.0,12300.0,1034.4
4.0,400.0,12400.0,1037.4
4.0,400.0,12500.0,1040.4
4.0,400.0,12600.0,1043.3
4.0,400.0,12700.0,1046.2
4.0,400.0,12800.0,1049.1
4.0,400.0,12900.0,1052.0
4.0,400.0,13000.0,1054.8
4.0,400.0,13100.0,1057.7
4.0,400.0,13200.0,1060.4
4.0,400.0,13300.0,1063.2
4.0,400.0,13400.0,1065.9
4.0,400.0,13500.0,1068.7
4.0,400.0,13600.0,1071.4
4.0,400.0,13700.0,1074.0
4.0,400.0,13800.0,1076.7
4.0,400.0,13900.0,1079.3
4.0,400.0,14000.0,1082.0
4.0,450.0,0.0,486.12
4.0,450.0,100.0,501.12
4.0,450.0,200.0,516.1
4.0,450.0,300.0,530.24
4.0,450.0,400.0,543.47
4.0,450.0,500.0,555.94
4.0,450.0,600.0,567.86
4.0,450.0,700.0,579.36
4.0,450.0,800.0,590.55
4.0,450.0,900.0,601.52
4.0,450.0,1000.0,612.34
4.0,450.0,1100.0,623.07
4.0,450.0,1200.0,633.74
4.0,450.0,1300.0,644.39
4.0,450.0,1400.0,655.07
4.0,450.0,1500.0,665.8
4.0,450.0,1600.0,676.61
4.0,450.0,1700.0,687.52
4.0,450.0,1800.0,698.56
4.0,450.0,1900.0,709.76
4.0,450.0,2000.0,721.14
4.0,450.0,2100.0,732.71
4.0,450.0,2200.0,744.52
4.0,450.0,2300.0,756.58
4.0,450.0,2400.0,768.91
4.0,450.0,2500.0,781.56
4.0,450.0,2600.0,794.55
4.0,450.0,2700.0,807.91
4.0,450.0,2800.0,821.68
4.0,450.0,2900.0,835.9
4.0,450.0,3000.0,850.61
4.0,450.0,3100.0,865.86
4.0,450.0,3200.0,881.7
4.0,450.0,3300.0,898.2
4.0,450.0,3400.0,915.42
4.0,450.0,3500.0,933.44
4.0,450.0,3600.0,952.35
4.0,450.0,3700.0,972.27
4.0,450.0,3800.0,1002.7
4.0,450.0,3900.0,1010.8
4.0,450.0,4000.0,1019.0
4.0,450.0,4100.0,1027.3
4.0,450.0,4200.0,1035.7
4.0,450.0,4300.0,1044.2
4.0,450.0,4400.0,1052.8
4.0,450.0,4500.0,1061.6
4.0,450.0,4600.0,1070.4
4.0,450.0,4700.0,1079.5
4.0,450.0,4800.0,1088.6
4.0,450.0,4900.0,1097.9
4.0,450.0,5000.0,1107.2
4.0,450.0,5100.0,1116.6
4.0,450.0,5200.0,1125.6
4.0,450.0,5300.0,1134.6
4.0,450.0,5400.0,1143.3
4.0,450.0,5500.0,1152.0
4.0,450.0,5600.0,1160.4
4.0,450.0,5700.0,1168.9
4.0,450.0,5800.0,1177.0
4.0,450.0,5900.0,1185.1
4.0,450.0,6000.0,1192.9
4.0,450.0,6100.0,1200.7
4.0,450.0,6200.0,1208.3
4.0,450.0,6300.0,1215.9
4.0,450.0,6400.0,1223.3
4.0,450.0,6500.0,1230.6
4.0,450.0,6600.0,1237.7
4.0,450.0,6700.0,1244.9
4.0,450.0,6800.0,1251.7
4.0,450.0,6900.0,1258.6
4.0,450.0,7000.0,1265.3
4.0,450.0,7100.0,1272.1
4.0,450.0,7200.0,1278.5
4.0,450.0,7300.0,1285.0
4.0,450.0,7400.0,1291.3
4.0,450.0,7500.0,1297.8
4.0,450.0,7600.0,1303.8
4.0,450.0,7700.0,1309.9
4.0,450.0,7800.0,1315.9
4.0,450.0,7900.0,1321.8
4.0,450.0,8000.0,1327.7
4.0,450.0,8100.0,1333.5
4.0,450.0,8200.0,1339.2
4.0,450.0,8300.0,1344.8
4.0,450.0,8400.0,1350.3
4.0,450.0,8500.0,1355.8
4.0,450.0,8600.0,1361.2
4.0,450.0,8700.0,1366.6
4.0,450.0,8800.0,1371.9
4.0,450.0,8900.0,1377.1
4.0,450.0,9000.0,1382.2
4.0,450.0,9100.0,1387.3
4.0,450.0,9200.0,1392.4
4.0,450.0,9300.0,1397.3
4.0,450.0,9400.0,1402.2
4.0,450.0,9500.0,1407.1
4.0,450.0,9600.0,1411.9
4.0,450.0,9700.0,1416.6
4.0,450.0,9800.0,1421.3
4.0,450.0,9900.0,1425.9
4.0,450.0,10000.0,1430.5
4.0,450.0,10100.0,1435.0
4.0,450.0,10200.0,1439.5
4.0,450.0,10300.0,1444.0
4.0,450.0,10400.0,1448.4
4.0,450.0,10500.0,1452.8
4.0,450.0,10600.0,1457.0
4.0,450.0,10700.0,1461.3
4.0,450.0,10800.0,1465.5
4.0,450.0,10900.0,1469.6
4.0,450.0,11000.0,1473.8
4.0,450.0,11100.0,1477.9
4.0,450.0,11200.0,1481.9
4.0,450.0,11300.0,1485.9
4.0,450.0,11400.0,1489.9
4.0,450.0,11500.0,1493.8
4.0,450.0,11600.0,1497.7
4.0,450.0,11700.0,1501.6
4.0,450.0,11800.0,1505.4
4.0,450.0,11900.0,1509.1
4.0,450.0,12000.0,1512.9
4.0,450.0,12100.0,1516.6
4.0,450.0,12200.0,1520.3
4.0,450.0,12300.0,1523.9
4.0,450.0,12400.0,1527.5
4.0,450.0,12500.0,1531.1
4.0,450.0,12600.0,1534.6
4.0,450.0,12700.0,1538.2
4.0,450.0,12800.0,1541.6
4.0,450.0,12900.0,1545.1
4.0,450.0,13000.0,1548.5
4.0,450.0,13100.0,1551.9
4.0,450.0,13200.0,1555.3
4.0,450.0,13300.0,1558.6
4.0,450.0,13400.0,1561.9
4.0,450.0,13500.0,1565.2
4.0,450.0,13600.0,1568.4
4.0,450.0,13700.0,1571.6
4.0,450.0,13800.0,1574.8
4.0,450.0,13900.0,1578.0
4.0,450.0,14000.0,1581.2
4.0,500.0,0.0,600.15
4.0,500.0,100.0,628.45
4.0,500.0,200.0,655.41
4.0,500.0,300.0,679.84
4.0,500.0,400.0,702.43
4.0,500.0,500.0,723.83
4.0,500.0,600.0,744.52
4.0,500.0,700.0,764.79
4.0,500.0,800.0,784.87
4.0,500.0,900.0,804.92
4.0,500.0,1000.0,825.1
4.0,500.0,1100.0,845.53
4.0,500.0,1200.0,866.3
4.0,500.0,1300.0,887.54
4.0,500.0,1400.0,909.35
4.0,500.0,1500.0,931.83
4.0,500.0,1600.0,955.11
4.0,500.0,1700.0,979.3
4.0,500.0,1800.0,1004.6
4.0,500.0,1900.0,1031.0
4.0,500.0,2000.0,1058.9
4.0,500.0,2100.0,1088.4
4.0,500.0,2200.0,1119.8
4.0,500.0,2300.0,1153.4
4.0,500.0,2400.0,1189.5
4.0,500.0,2500.0,1241.3
4.0,500.0,2600.0,1256.2
4.0,500.0,2700.0,1271.5
4.0,500.0,2800.0,1287.1
4.0,500.0,2900.0,1303.0
4.0,500.0,3000.0,1319.2
4.0,500.0,3100.0,1335.7
4.0,500.0,3200.0,1352.7
4.0,500.0,3300.0,1370.0
4.0,500.0,3400.0,1387.9
4.0,500.0,3500.0,1404.1
4.0,500.0,3600.0,1420.5
4.0,500.0,3700.0,1436.3
4.0,500.0,3800.0,1452.1
4.0,500.0,3900.0,1466.9
4.0,500.0,4000.0,1481.9
4.0,500.0,4100.0,1495.9
4.0,500.0,4200.0,1510.1
4.0,500.0,4300.0,1523.5
4.0,500.0,4400.0,1537.0
4.0,500.0,4500.0,1549.8
4.0,500.0,4600.0,1562.8
4.0,500.0,4700.0,1575.0
4.0,500.0,4800.0,1587.4
4.0,500.0,4900.0,1599.0
4.0,500.0,5000.0,1610.7
4.0,500.0,5100.0,1622.1
4.0,500.0,5200.0,1633.2
4.0,500.0,5300.0,1644.2
4.0,500.0,5400.0,1654.8
4.0,500.0,5500.0,1665.4
4.0,500.0,5600.0,1675.6
4.0,500.0,5700.0,1685.8
4.0,500.0,5800.0,1695.6
4.0,500.0,5900.0,1705.4
4.0,500.0,6000.0,1714.9
4.0,500.0,6100.0,1724.3
4.0,500.0,6200.0,1733.5
4.0,500.0,6300.0,1742.6
4.0,500.0,6400.0,1751.5
4.0,500.0,6500.0,1760.4
4.0,500.0,6600.0,1768.8
4.0,500.0,6700.0,1777.2
4.0,500.0,6800.0,1785.5
4.0,500.0,6900.0,1793.7
4.0,500.0,7000.0,1801.8
4.0,500.0,7100.0,1809.7
4.0,500.0,7200.0,1817.6
4.0,500.0,7300.0,1825.2
4.0,500.0,7400.0,1832.8
4.0,500.0,7500.0,1840.2
4.0,500.0,7600.0,1847.6
4.0,500.0,7700.0,1854.8
4.0,500.0,7800.0,1861.9
4.0,500.0,7900.0,1868.9
4.0,500.0,8000.0,1875.9
4.0,500.0,8100.0,1882.7
4.0,500.0,8200.0,1889.5
4.0,500.0,8300.0,1896.1
4.0,500.0,8400.0,1902.6
4.0,500.0,8500.0,1909.1
4.0,500.0,8600.0,1915.5
4.0,500.0,8700.0,1921.8
4.0,500.0,8800.0,1928.0
4.0,500.0,8900.0,1934.2
4.0,500.0,9000.0,1940.2
4.0,500.0,9100.0,1946.2
4.0,500.0,9200.0,1952.1
4.0,500.0,9300.0,1958.0
4.0,500.0,9400.0,1963.7
4.0,500.0,9500.0,1969.4
4.0,500.0,9600.0,1975.1
4.0,500.0,9700.0,1980.6
4.0,500.0,9800.0,1986.2
4.0,500.0,9900.0,1991.6
4.0,500.0,10000.0,1997.0
4.0,500.0,10100.0,2002.3
4.0,500.0,10200.0,2007.5
4.0,500.0,10300.0,2012.7
4.0,500.0,10400.0,2017.9
4.0,500.0,10500.0,2023.0
4.0,500.0,10600.0,2028.0
4.0,500.0,10700.0,2033.0
4.0,500.0,10800.0,2037.9
4.0,500.0,10900.0,2042.8
4.0,500.0,11000.0,2047.6
4.0,500.0,11100.0,2052.3
4.0,500.0,11200.0,2057.1
4.0,500.0,11300.0,2061.9
4.0,500.0,11400.0,2066.4
4.0,500.0,11500.0,2070.9
4.0,500.0,11600.0,2075.5
4.0,500.0,11700.0,2079.9
4.0,500.0,11800.0,2084.4
4.0,500.0,11900.0,2088.9
4.0,500.0,12000.0,2093.2
4.0,500.0,12100.0,2097.5
4.0,500.0,12200.0,2101.8
4.0,500.0,12300.0,2106.0
4.0,500.0,12400.0,2110.2
4.0,500.0,12500.0,2114.3
4.0,500.0,12600.0,2118.5
4.0,500.0,12700.0,2122.6
4.0,500.0,12800.0,2126.6
4.0,500.0,12900.0,2130.6
4.0,500.0,13000.0,2134.6
4.0,500.0,13100.0,2138.5
4.0,500.0,13200.0,2142.4
4.0,500.0,13300.0,2146.3
4.0,500.0,13400.0,2150.1
4.0,500.0,13500.0,2153.9
4.0,500.0,13600.0,2157.7
4.0,500.0,13700.0,2161.4
4.0,500.0,13800.0,2165.1
4.0,500.0,13900.0,2168.8
4.0,500.0,14000.0,2172.5
6.0,300.0,0.0,204.83
6.0,300.0,100.0,205.24
6.0,300.0,200.0,205.65
6.0,300.0,300.0,206.06
6.0,300.0,400.0,206.47
6.0,300.0,500.0,206.89
6.0,300.0,600.0,207.31
6.0,300.0,700.0,207.74
6.0,300.0,800.0,208.16
6.0,300.0,900.0,208.59
6.0,300.0,1000.0,209.02
6.0,300.0,1100.0,209.46
6.0,300.0,1200.0,209.89
6.0,300.0,1300.0,210.33
6.0,300.0,1400.0,210.77
6.0,300.0,1500.0,211.21
6.0,300.0,1600.0,211.65
6.0,300.0,1700.0,212.09
6.0,300.0,1800.0,212.54
6.0,300.0,1900.0,212.99
6.0,300.0,2000.0,213.43
6.0,300.0,2100.0,213.88
6.0,300.0,2200.0,214.33
6.0,300.0,2300.0,214.79
6.0,300.0,2400.0,215.24
6.0,300.0,2500.0,215.69
6.0,300.0,2600.0,216.15
6.0,300.0,2700.0,216.6
6.0,300.0,2800.0,217.06
6.0,300.0,2900.0,217.51
6.0,300.0,3000.0,217.97
6.0,300.0,3100.0,218.42
6.0,300.0,3200.0,218.88
6.0,300.0,3300.0,219.34
6.0,300.0,3400.0,219.8
6.0,300.0,3500.0,220.26
6.0,300.0,3600.0,220.71
6.0,300.0,3700.0,221.17
6.0,300.0,3800.0,221.63
6.0,300.0,3900.0,222.09
6.0,300.0,4000.0,222.55
6.0,300.0,4100.0,223.01
6.0,300.0,4200.0,223.47
6.0,300.0,4300.0,223.92
6.0,300.0,4400.0,224.38
6.0,300.0,4500.0,224.84
6.0,300.0,4600.0,225.3
6.0,300.0,4700.0,225.76
6.0,300.0,4800.0,226.22
6.0,300.0,4900.0,226.67
6.0,300.0,5000.0,227.13
6.0,300.0,5100.0,227.59
6.0,300.0,5200.0,228.05
6.0,300.0,5300.0,228.51
6.0,300.0,5400.0,228.96
6.0,300.0,5500.0,229.42
6.0,300.0,5600.0,229.88
6.0,300.0,5700.0,230.33
6.0,300.0,5800.0,230.79
6.0,300.0,5900.0,231.25
6.0,300.0,6000.0,231.7
6.0,300.0,6100.0,232.16
6.0,300.0,6200.0,232.61
6.0,300.0,6300.0,233.07
6.0,300.0,6400.0,233.52
6.0,300.0,6500.0,233.98
6.0,300.0,6600.0,234.43
6.0,300.0,6700.0,234.89
6.0,300.0,6800.0,235.34
6.0,300.0,6900.0,235.8
6.0,300.0,7000.0,236.25
6.0,300.0,7100.0,236.71
6.0,300.0,7200.0,237.16
6.0,300.0,7300.0,237.61
6.0,300.0,7400.0,238.07
6.0,300.0,7500.0,238.52
6.0,300.0,7600.0,238.97
6.0,300.0,7700.0,239.43
6.0,300.0,7800.0,239.88
6.0,300.0,7900.0,240.33
6.0,300.0,8000.0,240.79
6.0,300.0,8100.0,241.24
6.0,300.0,8200.0,241.69
6.0,300.0,8300.0,242.15
6.0,300.0,8400.0,242.6
6.0,300.0,8500.0,243.05
6.0,300.0,8600.0,243.51
6.0,300.0,8700.0,243.96
6.0,300.0,8800.0,244.41
6.0,300.0,8900.0,244.87
6.0,300.0,9000.0,245.32
6.0,300.0,9100.0,245.77
6.0,300.0,9200.0,246.23
6.0,300.0,9300.0,246.68
6.0,300.0,9400.0,247.13
6.0,300.0,9500.0,247.59
6.0,300.0,9600.0,248.04
6.0,300.0,9700.0,248.49
6.0,300.0,9800.0,248.95
6.0,300.0,9900.0,249.4
6.0,300.0,10000.0,249.86
6.0,300.0,10100.0,250.31
6.0,300.0,10200.0,250.77
6.0,300.0,10300.0,251.22
6.0,300.0,10400.0,251.68
6.0,300.0,10500.0,252.13
6.0,300.0,10600.0,252.59
6.0,300.0,10700.0,253.04
6.0,300.0,10800.0,253.5
6.0,300.0,10900.0,253.96
6.0,300.0,11000.0,254.41
6.0,300.0,11100.0,254.87
6.0,300.0,11200.0,255.33
6.0,300.0,11300.0,255.79
6.0,300.0,11400.0,256.25
6.0,300.0,11500.0,256.7
6.0,300.0,11600.0,257.16
6.0,300.0,11700.0,257.62
6.0,300.0,11800.0,258.08
6.0,300.0,11900.0,258.54
6.0,300.0,12000.0,259.0
6.0,300.0,12100.0,259.47
6.0,300.0,12200.0,259.93
6.0,300.0,12300.0,260.39
6.0,300.0,12400.0,260.85
6.0,300.0,12500.0,261.32
6.0,300.0,12600.0,261.78
6.0,300.0,12700.0,262.24
6.0,300.0,12800.0,262.71
6.0,300.0,12900.0,263.17
6.0,300.0,13000.0,263.64
6.0,300.0,13100.0,264.11
6.0,300.0,13200.0,264.57
6.0,300.0,13300.0,265.04
6.0,300.0,13400.0,265.51
6.0,300.0,13500.0,265.98
6.0,300.0,13600.0,266.45
6.0,300.0,13700.0,266.92
6.0,300.0,13800.0,267.39
6.0,300.0,13900.0,267.86
6.0,300.0,14000.0,268.33
6.0,350.0,0.0,278.79
6.0,350.0,100.0,279.82
6.0,350.0,200.0,280.86
6.0,350.0,300.0,281.92
6.0,350.0,400.0,282.99
6.0,350.0,500.0,284.06
6.0,350.0,600.0,285.15
6.0,350.0,700.0,286.25
6.0,350.0,800.0,287.36
6.0,350.0,900.0,288.47
6.0,350.0,1000.0,289.59
6.0,350.0,1100.0,290.72
6.0,350.0,1200.0,291.85
6.0,350.0,1300.0,292.99
6.0,350.0,1400.0,294.13
6.0,350.0,1500.0,295.28
6.0,350.0,1600.0,296.42
6.0,350.0,1700.0,297.57
6.0,350.0,1800.0,298.73
6.0,350.0,1900.0,299.88
6.0,350.0,2000.0,301.03
6.0,350.0,2100.0,302.19
6.0,350.0,2200.0,303.34
6.0,350.0,2300.0,304.5
6.0,350.0,2400.0,305.65
6.0,350.0,2500.0,306.8
6.0,350.0,2600.0,307.96
6.0,350.0,2700.0,309.11
6.0,350.0,2800.0,310.26
6.0,350.0,2900.0,311.41
6.0,350.0,3000.0,312.56
6.0,350.0,3100.0,313.71
6.0,350.0,3200.0,314.86
6.0,350.0,3300.0,316.01
6.0,350.0,3400.0,317.15
6.0,350.0,3500.0,318.3
6.0,350.0,3600.0,319.44
6.0,350.0,3700.0,320.59
6.0,350.0,3800.0,321.73
6.0,350.0,3900.0,322.87
6.0,350.0,4000.0,324.02
6.0,350.0,4100.0,325.16
6.0,350.0,4200.0,326.3
6.0,350.0,4300.0,327.44
6.0,350.0,4400.0,328.58
6.0,350.0,4500.0,329.72
6.0,350.0,4600.0,330.86
6.0,350.0,4700.0,332.0
6.0,350.0,4800.0,333.14
6.0,350.0,4900.0,334.28
6.0,350.0,5000.0,335.42
6.0,350.0,5100.0,336.56
6.0,350.0,5200.0,337.7
6.0,350.0,5300.0,338.85
6.0,350.0,5400.0,339.99
6.0,350.0,5500.0,341.13
6.0,350.0,5600.0,342.28
6.0,350.0,5700.0,343.43
6.0,350.0,5800.0,344.57
6.0,350.0,5900.0,345.72
6.0,350.0,6000.0,346.87
6.0,350.0,6100.0,348.02
6.0,350.0,6200.0,349.18
6.0,350.0,6300.0,350.33
6.0,350.0,6400.0,351.49
6.0,350.0,6500.0,352.65
6.0,350.0,6600.0,353.81
6.0,350.0,6700.0,354.98
6.0,350.0,6800.0,356.14
6.0,350.0,6900.0,357.31
6.0,350.0,7000.0,358.48
6.0,350.0,7100.0,359.65
6.0,350.0,7200.0,360.83
6.0,350.0,7300.0,362.01
6.0,350.0,7400.0,363.19
6.0,350.0,7500.0,364.38
6.0,350.0,7600.0,365.57
6.0,350.0,7700.0,366.76
6.0,350.0,7800.0,367.95
6.0,350.0,7900.0,369.15
6.0,350.0,8000.0,370.35
6.0,350.0,8100.0,371.56
6.0,350.0,8200.0,372.77
6.0,350.0,8300.0,373.98
6.0,350.0,8400.0,375.2
6.0,350.0,8500.0,376.42
6.0,350.0,8600.0,377.65
6.0,350.0,8700.0,378.88
6.0,350.0,8800.0,380.11
6.0,350.0,8900.0,381.35
6.0,350.0,9000.0,382.6
6.0,350.0,9100.0,383.85
6.0,350.0,9200.0,385.1
6.0,350.0,9300.0,386.36
6.0,350.0,9400.0,387.63
6.0,350.0,9500.0,388.9
6.0,350.0,9600.0,390.17
6.0,350.0,9700.0,391.46
6.0,350.0,9800.0,392.74
6.0,350.0,9900.0,394.04
6.0,350.0,10000.0,395.34
6.0,350.0,10100.0,396.64
6.0,350.0,10200.0,397.95
6.0,350.0,10300.0,399.27
6.0,350.0,10400.0,400.59
6.0,350.0,10500.0,401.92
6.0,350.0,10600.0,403.26
6.0,350.0,10700.0,404.61
6.0,350.0,10800.0,405.96
6.0,350.0,10900.0,407.32
6.0,350.0,11000.0,408.68
6.0,350.0,11100.0,410.06
6.0,350.0,11200.0,411.44
6.0,350.0,11300.0,412.83
6.0,350.0,11400.0,414.23
6.0,350.0,11500.0,415.63
6.0,350.0,11600.0,417.04
6.0,350.0,11700.0,418.47
6.0,350.0,11800.0,419.9
6.0,350.0,11900.0,421.34
6.0,350.0,12000.0,422.79
6.0,350.0,12100.0,424.24
6.0,350.0,12200.0,425.71
6.0,350.0,12300.0,427.19
6.0,350.0,12400.0,428.67
6.0,350.0,12500.0,430.17
6.0,350.0,12600.0,431.68
6.0,350.0,12700.0,433.19
6.0,350.0,12800.0,434.72
6.0,350.0,12900.0,436.26
6.0,350.0,13000.0,437.81
6.0,350.0,13100.0,439.37
6.0,350.0,13200.0,440.94
6.0,350.0,13300.0,442.52
6.0,350.0,13400.0,444.11
6.0,350.0,13500.0,445.72
6.0,350.0,13600.0,447.34
6.0,350.0,13700.0,448.97
6.0,350.0,13800.0,450.62
6.0,350.0,13900.0,452.27
6.0,350.0,14000.0,453.95
6.0,400.0,0.0,364.14
6.0,400.0,100.0,366.44
6.0,400.0,200.0,368.79
6.0,400.0,300.0,371.18
6.0,400.0,400.0,373.61
6.0,400.0,500.0,376.08
6.0,400.0,600.0,378.57
6.0,400.0,700.0,381.09
6.0,400.0,800.0,383.63
6.0,400.0,900.0,386.17
6.0,400.0,1000.0,388.73
6.0,400.0,1100.0,391.3
6.0,400.0,1200.0,393.86
6.0,400.0,1300.0,396.43
6.0,400.0,1400.0,399.0
6.0,400.0,1500.0,401.57
6.0,400.0,1600.0,404.13
6.0,400.0,1700.0,406.7
6.0,400.0,1800.0,409.25
6.0,400.0,1900.0,411.81
6.0,400.0,2000.0,414.36
6.0,400.0,2100.0,416.91
6.0,400.0,2200.0,419.45
6.0,400.0,2300.0,422.0
6.0,400.0,2400.0,424.54
6.0,400.0,2500.0,427.07
6.0,400.0,2600.0,429.61
6.0,400.0,2700.0,432.15
6.0,400.0,2800.0,434.69
6.0,400.0,2900.0,437.22
6.0,400.0,3000.0,439.76
6.0,400.0,3100.0,442.3
6.0,400.0,3200.0,444.85
6.0,400.0,3300.0,447.4
6.0,400.0,3400.0,449.95
6.0,400.0,3500.0,452.51
6.0,400.0,3600.0,455.07
6.0,400.0,3700.0,457.64
6.0,400.0,3800.0,460.22
6.0,400.0,3900.0,462.8
6.0,400.0,4000.0,465.4
6.0,400.0,4100.0,468.0
6.0,400.0,4200.0,470.61
6.0,400.0,4300.0,473.23
6.0,400.0,4400.0,475.87
6.0,400.0,4500.0,478.52
6.0,400.0,4600.0,481.18
6.0,400.0,4700.0,483.85
6.0,400.0,4800.0,486.54
6.0,400.0,4900.0,489.24
6.0,400.0,5000.0,491.96
6.0,400.0,5100.0,494.69
6.0,400.0,5200.0,497.44
6.0,400.0,5300.0,500.21
6.0,400.0,5400.0,503.0
6.0,400.0,5500.0,505.81
6.0,400.0,5600.0,508.64
6.0,400.0,5700.0,511.49
6.0,400.0,5800.0,514.36
6.0,400.0,5900.0,517.25
6.0,400.0,6000.0,520.17
6.0,400.0,6100.0,523.11
6.0,400.0,6200.0,526.07
6.0,400.0,6300.0,529.07
6.0,400.0,6400.0,532.09
6.0,400.0,6500.0,535.14
6.0,400.0,6600.0,538.21
6.0,400.0,6700.0,541.32
6.0,400.0,6800.0,544.46
6.0,400.0,6900.0,547.63
6.0,400.0,7000.0,550.83
6.0,400.0,7100.0,554.07
6.0,400.0,7200.0,557.34
6.0,400.0,7300.0,560.65
6.0,400.0,7400.0,564.0
6.0,400.0,7500.0,567.38
6.0,400.0,7600.0,570.81
6.0,400.0,7700.0,574.28
6.0,400.0,7800.0,577.79
6.0,400.0,7900.0,581.35
6.0,400.0,8000.0,584.96
6.0,400.0,8100.0,588.61
6.0,400.0,8200.0,592.31
6.0,400.0,8300.0,596.06
6.0,400.0,8400.0,599.87
6.0,400.0,8500.0,603.73
6.0,400.0,8600.0,607.65
6.0,400.0,8700.0,611.63
6.0,400.0,8800.0,615.67
6.0,400.0,8900.0,619.78
6.0,400.0,9000.0,623.95
6.0,400.0,9100.0,628.19
6.0,400.0,9200.0,632.5
6.0,400.0,9300.0,636.89
6.0,400.0,9400.0,641.51
6.0,400.0,9500.0,643.26
6.0,400.0,9600.0,645.01
6.0,400.0,9700.0,646.77
6.0,400.0,9800.0,648.55
6.0,400.0,9900.0,650.33
6.0,400.0,10000.0,652.12
6.0,400.0,10100.0,653.92
6.0,400.0,10200.0,655.73
6.0,400.0,10300.0,657.54
6.0,400.0,10400.0,659.37
6.0,400.0,10500.0,661.21
6.0,400.0,10600.0,663.06
6.0,400.0,10700.0,664.92
6.0,400.0,10800.0,666.79
6.0,400.0,10900.0,668.66
6.0,400.0,11000.0,670.55
6.0,400.0,11100.0,672.44
6.0,400.0,11200.0,674.33
6.0,400.0,11300.0,676.21
6.0,400.0,11400.0,678.09
6.0,400.0,11500.0,679.97
6.0,400.0,11600.0,681.84
6.0,400.0,11700.0,683.71
6.0,400.0,11800.0,685.58
6.0,400.0,11900.0,687.42
6.0,400.0,12000.0,689.27
6.0,400.0,12100.0,691.12
6.0,400.0,12200.0,692.94
6.0,400.0,12300.0,694.76
6.0,400.0,12400.0,696.58
6.0,400.0,12500.0,698.38
6.0,400.0,12600.0,700.18
6.0,400.0,12700.0,701.96
6.0,400.0,12800.0,703.74
6.0,400.0,12900.0,705.5
6.0,400.0,13000.0,707.26
6.0,400.0,13100.0,709.0
6.0,400.0,13200.0,710.75
6.0,400.0,13300.0,712.46
6.0,400.0,13400.0,714.18
6.0,400.0,13500.0,715.9
6.0,400.0,13600.0,717.58
6.0,400.0,13700.0,719.26
6.0,400.0,13800.0,720.94
6.0,400.0,13900.0,722.6
6.0,400.0,14000.0,724.25
6.0,450.0,0.0,460.86
6.0,450.0,100.0,465.55
6.0,450.0,200.0,470.39
6.0,450.0,300.0,475.36
6.0,450.0,400.0,480.41
6.0,450.0,500.0,485.54
6.0,450.0,600.0,490.7
6.0,450.0,700.0,495.9
6.0,450.0,800.0,501.1
6.0,450.0,900.0,506.3
6.0,450.0,1000.0,511.5
6.0,450.0,1100.0,516.69
6.0,450.0,1200.0,521.86
6.0,450.0,1300.0,527.03
6.0,450.0,1400.0,532.18
6.0,450.0,1500.0,537.33
6.0,450.0,1600.0,542.47
6.0,450.0,1700.0,547.61
6.0,450.0,1800.0,552.75
6.0,450.0,1900.0,557.89
6.0,450.0,2000.0,563.04
6.0,450.0,2100.0,568.2
6.0,450.0,2200.0,573.38
6.0,450.0,2300.0,578.58
6.0,450.0,2400.0,583.8
6.0,450.0,2500.0,589.05
6.0,450.0,2600.0,594.33
6.0,450.0,2700.0,599.64
6.0,450.0,2800.0,604.99
6.0,450.0,2900.0,610.38
6.0,450.0,3000.0,615.81
6.0,450.0,3100.0,621.3
6.0,450.0,3200.0,626.83
6.0,450.0,3300.0,632.43
6.0,450.0,3400.0,638.08
6.0,450.0,3500.0,643.8
6.0,450.0,3600.0,649.58
6.0,450.0,3700.0,655.44
6.0,450.0,3800.0,661.37
6.0,450.0,3900.0,667.39
6.0,450.0,4000.0,673.49
6.0,450.0,4100.0,679.68
6.0,450.0,4200.0,685.97
6.0,450.0,4300.0,692.36
6.0,450.0,4400.0,698.86
6.0,450.0,4500.0,705.47
6.0,450.0,4600.0,712.2
6.0,450.0,4700.0,719.06
6.0,450.0,4800.0,726.05
6.0,450.0,4900.0,733.18
6.0,450.0,5000.0,740.46
6.0,450.0,5100.0,747.89
6.0,450.0,5200.0,755.49
6.0,450.0,5300.0,763.26
6.0,450.0,5400.0,771.22
6.0,450.0,5500.0,779.38
6.0,450.0,5600.0,787.74
6.0,450.0,5700.0,796.33
6.0,450.0,5800.0,805.15
6.0,450.0,5900.0,816.59
6.0,450.0,6000.0,819.87
6.0,450.0,6100.0,823.17
6.0,450.0,6200.0,826.5
6.0,450.0,6300.0,829.85
6.0,450.0,6400.0,833.23
6.0,450.0,6500.0,836.64
6.0,450.0,6600.0,840.07
6.0,450.0,6700.0,843.54
6.0,450.0,6800.0,847.02
6.0,450.0,6900.0,850.54
6.0,450.0,7000.0,854.08
6.0,450.0,7100.0,857.66
6.0,450.0,7200.0,861.26
6.0,450.0,7300.0,864.89
6.0,450.0,7400.0,868.55
6.0,450.0,7500.0,872.24
6.0,450.0,7600.0,875.95
6.0,450.0,7700.0,879.64
6.0,450.0,7800.0,883.3
6.0,450.0,7900.0,886.92
6.0,450.0,8000.0,890.52
6.0,450.0,8100.0,894.09
6.0,450.0,8200.0,897.63
6.0,450.0,8300.0,901.12
6.0,450.0,8400.0,904.6
6.0,450.0,8500.0,908.03
6.0,450.0,8600.0,911.43
6.0,450.0,8700.0,914.8
6.0,450.0,8800.0,918.13
6.0,450.0,8900.0,921.44
6.0,450.0,9000.0,924.7
6.0,450.0,9100.0,927.95
6.0,450.0,9200.0,931.15
6.0,450.0,9300.0,934.34
6.0,450.0,9400.0,937.47
6.0,450.0,9500.0,940.6
6.0,450.0,9600.0,943.67
6.0,450.0,9700.0,946.75
6.0,450.0,9800.0,949.75
6.0,450.0,9900.0,952.75
6.0,450.0,10000.0,955.72
6.0,450.0,10100.0,958.66
6.0,450.0,10200.0,961.58
6.0,450.0,10300.0,964.46
6.0,450.0,10400.0,967.33
6.0,450.0,10500.0,970.14
6.0,450.0,10600.0,972.95
6.0,450.0,10700.0,975.73
6.0,450.0,10800.0,978.48
6.0,450.0,10900.0,981.23
6.0,450.0,11000.0,983.91
6.0,450.0,11100.0,986.6
6.0,450.0,11200.0,989.26
6.0,450.0,11300.0,991.88
6.0,450.0,11400.0,994.5
6.0,450.0,11500.0,997.08
6.0,450.0,11600.0,999.64
6.0,450.0,11700.0,1002.2
6.0,450.0,11800.0,1004.7
6.0,450.0,11900.0,1007.2
6.0,450.0,12000.0,1009.7
6.0,450.0,12100.0,1012.1
6.0,450.0,12200.0,1014.6
6.0,450.0,12300.0,1017.0
6.0,450.0,12400.0,1019.4
6.0,450.0,12500.0,1021.8
6.0,450.0,12600.0,1024.1
6.0,450.0,12700.0,1026.4
6.0,450.0,12800.0,1028.8
6.0,450.0,12900.0,1031.1
6.0,450.0,13000.0,1033.3
6.0,450.0,13100.0,1035.6
6.0,450.0,13200.0,1037.8
6.0,450.0,13300.0,1040.1
6.0,450.0,13400.0,1042.3
6.0,450.0,13500.0,1044.5
6.0,450.0,13600.0,1046.7
6.0,450.0,13700.0,1048.8
6.0,450.0,13800.0,1050.9
6.0,450.0,13900.0,1053.1
6.0,450.0,14000.0,1055.2
6.0,500.0,0.0,568.97
6.0,500.0,100.0,577.86
6.0,500.0,200.0,587.15
6.0,500.0,300.0,596.7
6.0,500.0,400.0,606.41
6.0,500.0,500.0,616.18
6.0,500.0,600.0,625.96
6.0,500.0,700.0,635.73
6.0,500.0,800.0,645.47
6.0,500.0,900.0,655.17
6.0,500.0,1000.0,664.84
6.0,500.0,1100.0,674.51
6.0,500.0,1200.0,684.17
6.0,500.0,1300.0,693.85
6.0,500.0,1400.0,703.56
6.0,500.0,1500.0,713.32
6.0,500.0,1600.0,723.15
6.0,500.0,1700.0,733.05
6.0,500.0,1800.0,743.05
6.0,500.0,1900.0,753.16
6.0,500.0,2000.0,763.4
6.0,500.0,2100.0,773.78
6.0,500.0,2200.0,784.33
6.0,500.0,2300.0,795.05
6.0,500.0,2400.0,805.97
6.0,500.0,2500.0,817.11
6.0,500.0,2600.0,828.47
6.0,500.0,2700.0,840.1
6.0,500.0,2800.0,852.0
6.0,500.0,2900.0,864.21
6.0,500.0,3000.0,876.74
6.0,500.0,3100.0,889.62
6.0,500.0,3200.0,902.9
6.0,500.0,3300.0,916.59
6.0,500.0,3400.0,930.73
6.0,500.0,3500.0,945.38
6.0,500.0,3600.0,960.56
6.0,500.0,3700.0,976.34
6.0,500.0,3800.0,992.77
6.0,500.0,3900.0,1018.0
6.0,500.0,4000.0,1023.6
6.0,500.0,4100.0,1029.3
6.0,500.0,4200.0,1035.0
6.0,500.0,4300.0,1040.9
6.0,500.0,4400.0,1046.7
6.0,500.0,4500.0,1052.6
6.0,500.0,4600.0,1058.6
6.0,500.0,4700.0,1064.7
6.0,500.0,4800.0,1070.8
6.0,500.0,4900.0,1077.0
6.0,500.0,5000.0,1083.3
6.0,500.0,5100.0,1089.6
6.0,500.0,5200.0,1096.0
6.0,500.0,5300.0,1102.5
6.0,500.0,5400.0,1109.1
6.0,500.0,5500.0,1115.7
6.0,500.0,5600.0,1122.1
6.0,500.0,5700.0,1128.6
6.0,500.0,5800.0,1134.7
6.0,500.0,5900.0,1140.9
6.0,500.0,6000.0,1146.9
6.0,500.0,6100.0,1152.9
6.0,500.0,6200.0,1158.9
6.0,500.0,6300.0,1164.6
6.0,500.0,6400.0,1170.4
6.0,500.0,6500.0,1176.0
6.0,500.0,6600.0,1181.6
6.0,500.0,6700.0,1187.1
6.0,500.0,6800.0,1192.5
6.0,500.0,6900.0,1197.8
6.0,500.0,7000.0,1203.0
6.0,500.0,7100.0,1208.2
6.0,500.0,7200.0,1213.3
6.0,500.0,7300.0,1218.5
6.0,500.0,7400.0,1223.3
6.0,500.0,7500.0,1228.2
6.0,500.0,7600.0,1233.1
6.0,500.0,7700.0,1237.9
6.0,500.0,7800.0,1242.6
6.0,500.0,7900.0,1247.2
6.0,500.0,8000.0,1251.8
6.0,500.0,8100.0,1256.3
6.0,500.0,8200.0,1260.8
6.0,500.0,8300.0,1265.2
6.0,500.0,8400.0,1269.6
6.0,500.0,8500.0,1273.9
6.0,500.0,8600.0,1278.2
6.0,500.0,8700.0,1282.4
6.0,500.0,8800.0,1286.5
6.0,500.0,8900.0,1290.6
6.0,500.0,9000.0,1294.7
6.0,500.0,9100.0,1298.7
6.0,500.0,9200.0,1302.7
6.0,500.0,9300.0,1306.6
6.0,500.0,9400.0,1310.5
6.0,500.0,9500.0,1314.3
6.0,500.0,9600.0,1318.1
6.0,500.0,9700.0,1321.9
6.0,500.0,9800.0,1325.5
6.0,500.0,9900.0,1329.2
6.0,500.0,10000.0,1332.9
6.0,500.0,10100.0,1336.4
6.0,500.0,10200.0,1340.0
6.0,500.0,10300.0,1343.5
6.0,500.0,10400.0,1347.0
6.0,500.0,10500.0,1350.5
6.0,500.0,10600.0,1353.8
6.0,500.0,10700.0,1357.2
6.0,500.0,10800.0,1360.6
6.0,500.0,10900.0,1363.8
6.0,500.0,11000.0,1367.1
6.0,500.0,11100.0,1370.4
6.0,500.0,11200.0,1373.6
6.0,500.0,11300.0,1376.8
6.0,500.0,11400.0,1380.0
6.0,500.0,11500.0,1383.0
6.0,500.0,11600.0,1386.1
6.0,500.0,11700.0,1389.2
6.0,500.0,11800.0,1392.2
6.0,500.0,11900.0,1395.2
6.0,500.0,12000.0,1398.2
6.0,500.0,12100.0,1401.2
6.0,500.0,12200.0,1404.1
6.0,500.0,12300.0,1407.0
6.0,500.0,12400.0,1409.8
6.0,500.0,12500.0,1412.7
6.0,500.0,12600.0,1415.5
6.0,500.0,12700.0,1418.3
6.0,500.0,12800.0,1421.1
6.0,500.0,12900.0,1423.8
6.0,500.0,13000.0,1426.6
6.0,500.0,13100.0,1429.3
6.0,500.0,13200.0,1432.0
6.0,500.0,13300.0,1434.6
6.0,500.0,13400.0,1437.2
6.0,500.0,13500.0,1439.9
6.0,500.0,13600.0,1442.5
6.0,500.0,13700.0,1445.0
6.0,500.0,13800.0,1447.6
6.0,500.0,13900.0,1450.1
6.0,500.0,14000.0,1452.6
8.0,300.0,0.0,194.71
8.0,300.0,100.0,194.89
8.0,300.0,200.0,195.06
8.0,300.0,300.0,195.24
8.0,300.0,400.0,195.42
8.0,300.0,500.0,195.59
8.0,300.0,600.0,195.77
8.0,300.0,700.0,195.95
8.0,300.0,800.0,196.13
8.0,300.0,900.0,196.31
8.0,300.0,1000.0,196.49
8.0,300.0,1100.0,196.67
8.0,300.0,1200.0,196.85
8.0,300.0,1300.0,197.03
8.0,300.0,1400.0,197.21
8.0,300.0,1500.0,197.4
8.0,300.0,1600.0,197.58
8.0,300.0,1700.0,197.76
8.0,300.0,1800.0,197.95
8.0,300.0,1900.0,198.13
8.0,300.0,2000.0,198.32
8.0,300.0,2100.0,198.51
8.0,300.0,2200.0,198.69
8.0,300.0,2300.0,198.88
8.0,300.0,2400.0,199.07
8.0,300.0,2500.0,199.26
8.0,300.0,2600.0,199.44
8.0,300.0,2700.0,199.63
8.0,300.0,2800.0,199.82
8.0,300.0,2900.0,200.01
8.0,300.0,3000.0,200.2
8.0,300.0,3100.0,200.39
8.0,300.0,3200.0,200.59
8.0,300.0,3300.0,200.78
8.0,300.0,3400.0,200.97
8.0,300.0,3500.0,201.16
8.0,300.0,3600.0,201.36
8.0,300.0,3700.0,201.55
8.0,300.0,3800.0,201.74
8.0,300.0,3900.0,201.94
8.0,300.0,4000.0,202.13
8.0,300.0,4100.0,202.33
8.0,300.0,4200.0,202.53
8.0,300.0,4300.0,202.72
8.0,300.0,4400.0,202.92
8.0,300.0,4500.0,203.12
8.0,300.0,4600.0,203.31
8.0,300.0,4700.0,203.51
8.0,300.0,4800.0,203.71
8.0,300.0,4900.0,203.91
8.0,300.0,5000.0,204.11
8.0,300.0,5100.0,204.31
8.0,300.0,5200.0,204.51
8.0,300.0,5300.0,204.71
8.0,300.0,5400.0,204.91
8.0,300.0,5500.0,205.11
8.0,300.0,5600.0,205.31
8.0,300.0,5700.0,205.52
8.0,300.0,5800.0,205.72
8.0,300.0,5900.0,205.92
8.0,300.0,6000.0,206.12
8.0,300.0,6100.0,206.33
8.0,300.0,6200.0,206.53
8.0,300.0,6300.0,206.73
8.0,300.0,6400.0,206.94
8.0,300.0,6500.0,207.14
8.0,300.0,6600.0,207.35
8.0,300.0,6700.0,207.55
8.0,300.0,6800.0,207.76
8.0,300.0,6900.0,207.97
8.0,300.0,7000.0,208.17
8.0,300.0,7100.0,208.38
8.0,300.0,7200.0,208.59
8.0,300.0,7300.0,208.79
8.0,300.0,7400.0,209.0
8.0,300.0,7500.0,209.21
8.0,300.0,7600.0,209.42
8.0,300.0,7700.0,209.63
8.0,300.0,7800.0,209.83
8.0,300.0,7900.0,210.04
8.0,300.0,8000.0,210.25
8.0,300.0,8100.0,210.46
8.0,300.0,8200.0,210.67
8.0,300.0,8300.0,210.88
8.0,300.0,8400.0,211.09
8.0,300.0,8500.0,211.3
8.0,300.0,8600.0,211.52
8.0,300.0,8700.0,211.73
8.0,300.0,8800.0,211.94
8.0,300.0,8900.0,212.15
8.0,300.0,9000.0,212.36
8.0,300.0,9100.0,212.57
8.0,300.0,9200.0,212.79
8.0,300.0,9300.0,213.0
8.0,300.0,9400.0,213.21
8.0,300.0,9500.0,213.43
8.0,300.0,9600.0,213.64
8.0,300.0,9700.0,213.85
8.0,300.0,9800.0,214.07
8.0,300.0,9900.0,214.28
8.0,300.0,10000.0,214.5
8.0,300.0,10100.0,214.71
8.0,300.0,10200.0,214.93
8.0,300.0,10300.0,215.14
8.0,300.0,10400.0,215.36
8.0,300.0,10500.0,215.57
8.0,300.0,10600.0,215.79
8.0,300.0,10700.0,216.01
8.0,300.0,10800.0,216.22
8.0,300.0,10900.0,216.44
8.0,300.0,11000.0,216.66
8.0,300.0,11100.0,216.87
8.0,300.0,11200.0,217.09
8.0,300.0,11300.0,217.31
8.0,300.0,11400.0,217.52
8.0,300.0,11500.0,217.74
8.0,300.0,11600.0,217.96
8.0,300.0,11700.0,218.18
8.0,300.0,11800.0,218.4
8.0,300.0,11900.0,218.62
8.0,300.0,12000.0,218.84
8.0,300.0,12100.0,219.05
8.0,300.0,12200.0,219.27
8.0,300.0,12300.0,219.49
8.0,300.0,12400.0,219.71
8.0,300.0,12500.0,219.93
8.0,300.0,12600.0,220.15
8.0,300.0,12700.0,220.37
8.0,300.0,12800.0,220.59
8.0,300.0,12900.0,220.82
8.0,300.0,13000.0,221.04
8.0,300.0,13100.0,221.26
8.0,300.0,13200.0,221.48
8.0,300.0,13300.0,221.7
8.0,300.0,13400.0,221.92
8.0,300.0,13500.0,222.15
8.0,300.0,13600.0,222.37
8.0,300.0,13700.0,222.59
8.0,300.0,13800.0,222.81
8.0,300.0,13900.0,223.04
8.0,300.0,14000.0,223.26
8.0,350.0,0.0,265.03
8.0,350.0,100.0,265.47
8.0,350.0,200.0,265.91
8.0,350.0,300.0,266.36
8.0,350.0,400.0,266.81
8.0,350.0,500.0,267.26
8.0,350.0,600.0,267.71
8.0,350.0,700.0,268.17
8.0,350.0,800.0,268.63
8.0,350.0,900.0,269.09
8.0,350.0,1000.0,269.55
8.0,350.0,1100.0,270.02
8.0,350.0,1200.0,270.49
8.0,350.0,1300.0,270.96
8.0,350.0,1400.0,271.43
8.0,350.0,1500.0,271.91
8.0,350.0,1600.0,272.39
8.0,350.0,1700.0,272.87
8.0,350.0,1800.0,273.35
8.0,350.0,1900.0,273.83
8.0,350.0,2000.0,274.32
8.0,350.0,2100.0,274.81
8.0,350.0,2200.0,275.3
8.0,350.0,2300.0,275.79
8.0,350.0,2400.0,276.29
8.0,350.0,2500.0,276.79
8.0,350.0,2600.0,277.29
8.0,350.0,2700.0,277.79
8.0,350.0,2800.0,278.29
8.0,350.0,2900.0,278.79
8.0,350.0,3000.0,279.3
8.0,350.0,3100.0,279.81
8.0,350.0,3200.0,280.32
8.0,350.0,3300.0,280.83
8.0,350.0,3400.0,281.34
8.0,350.0,3500.0,281.85
8.0,350.0,3600.0,282.37
8.0,350.0,3700.0,282.89
8.0,350.0,3800.0,283.41
8.0,350.0,3900.0,283.93
8.0,350.0,4000.0,284.45
8.0,350.0,4100.0,284.97
8.0,350.0,4200.0,285.5
8.0,350.0,4300.0,286.02
8.0,350.0,4400.0,286.55
8.0,350.0,4500.0,287.08
8.0,350.0,4600.0,287.61
8.0,350.0,4700.0,288.14
8.0,350.0,4800.0,288.67
8.0,350.0,4900.0,289.2
8.0,350.0,5000.0,289.74
8.0,350.0,5100.0,290.27
8.0,350.0,5200.0,290.81
8.0,350.0,5300.0,291.35
8.0,350.0,5400.0,291.89
8.0,350.0,5500.0,292.43
8.0,350.0,5600.0,292.97
8.0,350.0,5700.0,293.51
8.0,350.0,5800.0,294.05
8.0,350.0,5900.0,294.6
8.0,350.0,6000.0,295.14
8.0,350.0,6100.0,295.69
8.0,350.0,6200.0,296.24
8.0,350.0,6300.0,296.79
8.0,350.0,6400.0,297.34
8.0,350.0,6500.0,297.89
8.0,350.0,6600.0,298.44
8.0,350.0,6700.0,298.99
8.0,350.0,6800.0,299.54
8.0,350.0,6900.0,300.1
8.0,350.0,7000.0,300.65
8.0,350.0,7100.0,301.21
8.0,350.0,7200.0,301.77
8.0,350.0,7300.0,302.32
8.0,350.0,7400.0,302.88
8.0,350.0,7500.0,303.44
8.0,350.0,7600.0,304.0
8.0,350.0,7700.0,304.57
8.0,350.0,7800.0,305.13
8.0,350.0,7900.0,305.69
8.0,350.0,8000.0,306.26
8.0,350.0,8100.0,306.82
8.0,350.0,8200.0,307.39
8.0,350.0,8300.0,307.96
8.0,350.0,8400.0,308.53
8.0,350.0,8500.0,309.1
8.0,350.0,8600.0,309.67
8.0,350.0,8700.0,310.24
8.0,350.0,8800.0,310.81
8.0,350.0,8900.0,311.38
8.0,350.0,9000.0,311.96
8.0,350.0,9100.0,312.53
8.0,350.0,9200.0,313.11
8.0,350.0,9300.0,313.69
8.0,350.0,9400.0,314.26
8.0,350.0,9500.0,314.84
8.0,350.0,9600.0,315.42
8.0,350.0,9700.0,316.01
8.0,350.0,9800.0,316.59
8.0,350.0,9900.0,317.17
8.0,350.0,10000.0,317.76
8.0,350.0,10100.0,318.34
8.0,350.0,10200.0,318.93
8.0,350.0,10300.0,319.51
8.0,350.0,10400.0,320.1
8.0,350.0,10500.0,320.69
8.0,350.0,10600.0,321.28
8.0,350.0,10700.0,321.88
8.0,350.0,10800.0,322.47
8.0,350.0,10900.0,323.06
8.0,350.0,11000.0,323.66
8.0,350.0,11100.0,324.26
8.0,350.0,11200.0,324.85
8.0,350.0,11300.0,325.45
8.0,350.0,11400.0,326.05
8.0,350.0,11500.0,326.65
8.0,350.0,11600.0,327.26
8.0,350.0,11700.0,327.86
8.0,350.0,11800.0,328.47
8.0,350.0,11900.0,329.07
8.0,350.0,12000.0,329.68
8.0,350.0,12100.0,330.29
8.0,350.0,12200.0,330.9
8.0,350.0,12300.0,331.51
8.0,350.0,12400.0,332.12
8.0,350.0,12500.0,332.74
8.0,350.0,12600.0,333.35
8.0,350.0,12700.0,333.97
8.0,350.0,12800.0,334.59
8.0,350.0,12900.0,335.21
8.0,350.0,13000.0,335.83
8.0,350.0,13100.0,336.45
8.0,350.0,13200.0,337.08
8.0,350.0,13300.0,337.7
8.0,350.0,13400.0,338.33
8.0,350.0,13500.0,338.96
8.0,350.0,13600.0,339.59
8.0,350.0,13700.0,340.22
8.0,350.0,13800.0,340.85
8.0,350.0,13900.0,341.49
8.0,350.0,14000.0,342.13
8.0,400.0,0.0,346.16
8.0,400.0,100.0,347.14
8.0,400.0,200.0,348.13
8.0,400.0,300.0,349.13
8.0,400.0,400.0,350.15
8.0,400.0,500.0,351.17
8.0,400.0,600.0,352.2
8.0,400.0,700.0,353.24
8.0,400.0,800.0,354.29
8.0,400.0,900.0,355.35
8.0,400.0,1000.0,356.42
8.0,400.0,1100.0,357.49
8.0,400.0,1200.0,358.58
8.0,400.0,1300.0,359.67
8.0,400.0,1400.0,360.77
8.0,400.0,1500.0,361.87
8.0,400.0,1600.0,362.99
8.0,400.0,1700.0,364.11
8.0,400.0,1800.0,365.23
8.0,400.0,1900.0,366.37
8.0,400.0,2000.0,367.51
8.0,400.0,2100.0,368.65
8.0,400.0,2200.0,369.8
8.0,400.0,2300.0,370.96
8.0,400.0,2400.0,372.12
8.0,400.0,2500.0,373.29
8.0,400.0,2600.0,374.46
8.0,400.0,2700.0,375.64
8.0,400.0,2800.0,376.82
8.0,400.0,2900.0,378.01
8.0,400.0,3000.0,379.2
8.0,400.0,3100.0,380.39
8.0,400.0,3200.0,381.59
8.0,400.0,3300.0,382.79
8.0,400.0,3400.0,384.0
8.0,400.0,3500.0,385.21
8.0,400.0,3600.0,386.43
8.0,400.0,3700.0,387.65
8.0,400.0,3800.0,388.87
8.0,400.0,3900.0,390.1
8.0,400.0,4000.0,391.33
8.0,400.0,4100.0,392.56
8.0,400.0,4200.0,393.8
8.0,400.0,4300.0,395.04
8.0,400.0,4400.0,396.28
8.0,400.0,4500.0,397.53
8.0,400.0,4600.0,398.78
8.0,400.0,4700.0,400.04
8.0,400.0,4800.0,401.3
8.0,400.0,4900.0,402.56
8.0,400.0,5000.0,403.83
8.0,400.0,5100.0,405.09
8.0,400.0,5200.0,406.37
8.0,400.0,5300.0,407.64
8.0,400.0,5400.0,408.93
8.0,400.0,5500.0,410.21
8.0,400.0,5600.0,411.5
8.0,400.0,5700.0,412.79
8.0,400.0,5800.0,414.09
8.0,400.0,5900.0,415.39
8.0,400.0,6000.0,416.69
8.0,400.0,6100.0,418.0
8.0,400.0,6200.0,419.31
8.0,400.0,6300.0,420.63
8.0,400.0,6400.0,421.95
8.0,400.0,6500.0,423.27
8.0,400.0,6600.0,424.6
8.0,400.0,6700.0,425.94
8.0,400.0,6800.0,427.28
8.0,400.0,6900.0,428.62
8.0,400.0,7000.0,429.97
8.0,400.0,7100.0,431.32
8.0,400.0,7200.0,432.68
8.0,400.0,7300.0,434.04
8.0,400.0,7400.0,435.41
8.0,400.0,7500.0,436.78
8.0,400.0,7600.0,438.16
8.0,400.0,7700.0,439.55
8.0,400.0,7800.0,440.94
8.0,400.0,7900.0,442.33
8.0,400.0,8000.0,443.74
8.0,400.0,8100.0,445.14
8.0,400.0,8200.0,446.56
8.0,400.0,8300.0,447.97
8.0,400.0,8400.0,449.4
8.0,400.0,8500.0,450.83
8.0,400.0,8600.0,452.27
8.0,400.0,8700.0,453.72
8.0,400.0,8800.0,455.17
8.0,400.0,8900.0,456.63
8.0,400.0,9000.0,458.09
8.0,400.0,9100.0,459.56
8.0,400.0,9200.0,461.04
8.0,400.0,9300.0,462.53
8.0,400.0,9400.0,464.02
8.0,400.0,9500.0,465.53
8.0,400.0,9600.0,467.04
8.0,400.0,9700.0,468.56
8.0,400.0,9800.0,470.08
8.0,400.0,9900.0,471.62
8.0,400.0,10000.0,473.16
8.0,400.0,10100.0,474.71
8.0,400.0,10200.0,476.27
8.0,400.0,10300.0,477.84
8.0,400.0,10400.0,479.42
8.0,400.0,10500.0,481.0
8.0,400.0,10600.0,482.6
8.0,400.0,10700.0,484.21
8.0,400.0,10800.0,485.82
8.0,400.0,10900.0,487.45
8.0,400.0,11000.0,489.08
8.0,400.0,11100.0,490.73
8.0,400.0,11200.0,492.39
8.0,400.0,11300.0,494.05
8.0,400.0,11400.0,495.73
8.0,400.0,11500.0,497.42
8.0,400.0,11600.0,499.12
8.0,400.0,11700.0,500.83
8.0,400.0,11800.0,502.56
8.0,400.0,11900.0,504.29
8.0,400.0,12000.0,506.04
8.0,400.0,12100.0,507.8
8.0,400.0,12200.0,509.58
8.0,400.0,12300.0,511.36
8.0,400.0,12400.0,513.16
8.0,400.0,12500.0,514.98
8.0,400.0,12600.0,516.8
8.0,400.0,12700.0,518.64
8.0,400.0,12800.0,520.5
8.0,400.0,12900.0,522.37
8.0,400.0,13000.0,524.26
8.0,400.0,13100.0,526.16
8.0,400.0,13200.0,528.07
8.0,400.0,13300.0,530.0
8.0,400.0,13400.0,531.95
8.0,400.0,13500.0,533.92
8.0,400.0,13600.0,535.9
8.0,400.0,13700.0,537.9
8.0,400.0,13800.0,539.91
8.0,400.0,13900.0,541.95
8.0,400.0,14000.0,544.0
8.0,450.0,0.0,438.11
8.0,450.0,100.0,440.1
8.0,450.0,200.0,442.13
8.0,450.0,300.0,444.19
8.0,450.0,400.0,446.28
8.0,450.0,500.0,448.4
8.0,450.0,600.0,450.55
8.0,450.0,700.0,452.73
8.0,450.0,800.0,454.93
8.0,450.0,900.0,457.15
8.0,450.0,1000.0,459.4
8.0,450.0,1100.0,461.68
8.0,450.0,1200.0,463.97
8.0,450.0,1300.0,466.28
8.0,450.0,1400.0,468.61
8.0,450.0,1500.0,470.96
8.0,450.0,1600.0,473.33
8.0,450.0,1700.0,475.71
8.0,450.0,1800.0,478.11
8.0,450.0,1900.0,480.52
8.0,450.0,2000.0,482.95
8.0,450.0,2100.0,485.39
8.0,450.0,2200.0,487.84
8.0,450.0,2300.0,490.3
8.0,450.0,2400.0,492.78
8.0,450.0,2500.0,495.27
8.0,450.0,2600.0,497.77
8.0,450.0,2700.0,500.28
8.0,450.0,2800.0,502.8
8.0,450.0,2900.0,505.34
8.0,450.0,3000.0,507.88
8.0,450.0,3100.0,510.44
8.0,450.0,3200.0,513.01
8.0,450.0,3300.0,515.59
8.0,450.0,3400.0,518.19
8.0,450.0,3500.0,520.79
8.0,450.0,3600.0,523.41
8.0,450.0,3700.0,526.04
8.0,450.0,3800.0,528.69
8.0,450.0,3900.0,531.35
8.0,450.0,4000.0,534.02
8.0,450.0,4100.0,536.7
8.0,450.0,4200.0,539.4
8.0,450.0,4300.0,542.12
8.0,450.0,4400.0,544.85
8.0,450.0,4500.0,547.6
8.0,450.0,4600.0,550.36
8.0,450.0,4700.0,553.14
8.0,450.0,4800.0,555.94
8.0,450.0,4900.0,558.75
8.0,450.0,5000.0,561.59
8.0,450.0,5100.0,564.44
8.0,450.0,5200.0,567.31
8.0,450.0,5300.0,570.21
8.0,450.0,5400.0,573.12
8.0,450.0,5500.0,576.05
8.0,450.0,5600.0,579.01
8.0,450.0,5700.0,581.99
8.0,450.0,5800.0,585.0
8.0,450.0,5900.0,588.02
8.0,450.0,6000.0,591.08
8.0,450.0,6100.0,594.16
8.0,450.0,6200.0,597.26
8.0,450.0,6300.0,600.39
8.0,450.0,6400.0,603.55
8.0,450.0,6500.0,606.74
8.0,450.0,6600.0,609.96
8.0,450.0,6700.0,613.21
8.0,450.0,6800.0,616.5
8.0,450.0,6900.0,619.81
8.0,450.0,7000.0,623.16
8.0,450.0,7100.0,626.54
8.0,450.0,7200.0,629.96
8.0,450.0,7300.0,633.42
8.0,450.0,7400.0,636.91
8.0,450.0,7500.0,640.45
8.0,450.0,7600.0,644.02
8.0,450.0,7700.0,647.64
8.0,450.0,7800.0,651.3
8.0,450.0,7900.0,655.0
8.0,450.0,8000.0,658.75
8.0,450.0,8100.0,662.55
8.0,450.0,8200.0,666.39
8.0,450.0,8300.0,670.29
8.0,450.0,8400.0,674.24
8.0,450.0,8500.0,678.25
8.0,450.0,8600.0,682.31
8.0,450.0,8700.0,686.42
8.0,450.0,8800.0,690.6
8.0,450.0,8900.0,694.84
8.0,450.0,9000.0,699.14
8.0,450.0,9100.0,703.52
8.0,450.0,9200.0,707.96
8.0,450.0,9300.0,712.79
8.0,450.0,9400.0,714.26
8.0,450.0,9500.0,715.74
8.0,450.0,9600.0,717.22
8.0,450.0,9700.0,718.71
8.0,450.0,9800.0,720.21
8.0,450.0,9900.0,721.71
8.0,450.0,10000.0,723.22
8.0,450.0,10100.0,724.74
8.0,450.0,10200.0,726.26
8.0,450.0,10300.0,727.79
8.0,450.0,10400.0,729.33
8.0,450.0,10500.0,730.87
8.0,450.0,10600.0,732.42
8.0,450.0,10700.0,733.98
8.0,450.0,10800.0,735.55
8.0,450.0,10900.0,737.12
8.0,450.0,11000.0,738.7
8.0,450.0,11100.0,740.28
8.0,450.0,11200.0,741.88
8.0,450.0,11300.0,743.48
8.0,450.0,11400.0,745.09
8.0,450.0,11500.0,746.7
8.0,450.0,11600.0,748.32
8.0,450.0,11700.0,749.94
8.0,450.0,11800.0,751.55
8.0,450.0,11900.0,753.16
8.0,450.0,12000.0,754.76
8.0,450.0,12100.0,756.37
8.0,450.0,12200.0,757.96
8.0,450.0,12300.0,759.55
8.0,450.0,12400.0,761.14
8.0,450.0,12500.0,762.71
8.0,450.0,12600.0,764.29
8.0,450.0,12700.0,765.86
8.0,450.0,12800.0,767.42
8.0,450.0,12900.0,768.97
8.0,450.0,13000.0,770.51
8.0,450.0,13100.0,772.06
8.0,450.0,13200.0,773.58
8.0,450.0,13300.0,775.11
8.0,450.0,13400.0,776.62
8.0,450.0,13500.0,778.12
8.0,450.0,13600.0,779.63
8.0,450.0,13700.0,781.12
8.0,450.0,13800.0,782.6
8.0,450.0,13900.0,784.08
8.0,450.0,14000.0,785.55
8.0,500.0,0.0,540.87
8.0,500.0,100.0,544.64
8.0,500.0,200.0,548.5
8.0,500.0,300.0,552.45
8.0,500.0,400.0,556.48
8.0,500.0,500.0,560.59
8.0,500.0,600.0,564.77
8.0,500.0,700.0,569.02
8.0,500.0,800.0,573.32
8.0,500.0,900.0,577.69
8.0,500.0,1000.0,582.1
8.0,500.0,1100.0,586.57
8.0,500.0,1200.0,591.08
8.0,500.0,1300.0,595.62
8.0,500.0,1400.0,600.21
8.0,500.0,1500.0,604.83
8.0,500.0,1600.0,609.49
8.0,500.0,1700.0,614.18
8.0,500.0,1800.0,618.91
8.0,500.0,1900.0,623.67
8.0,500.0,2000.0,628.46
8.0,500.0,2100.0,633.28
8.0,500.0,2200.0,638.14
8.0,500.0,2300.0,643.04
8.0,500.0,2400.0,647.97
8.0,500.0,2500.0,652.93
8.0,500.0,2600.0,657.94
8.0,500.0,2700.0,662.98
8.0,500.0,2800.0,668.07
8.0,500.0,2900.0,673.2
8.0,500.0,3000.0,678.38
8.0,500.0,3100.0,683.6
8.0,500.0,3200.0,688.88
8.0,500.0,3300.0,694.21
8.0,500.0,3400.0,699.59
8.0,500.0,3500.0,705.03
8.0,500.0,3600.0,710.53
8.0,500.0,3700.0,716.09
8.0,500.0,3800.0,721.72
8.0,500.0,3900.0,727.42
8.0,500.0,4000.0,733.2
8.0,500.0,4100.0,739.04
8.0,500.0,4200.0,744.97
8.0,500.0,4300.0,750.98
8.0,500.0,4400.0,757.08
8.0,500.0,4500.0,763.26
8.0,500.0,4600.0,769.55
8.0,500.0,4700.0,775.93
8.0,500.0,4800.0,782.42
8.0,500.0,4900.0,789.02
8.0,500.0,5000.0,795.73
8.0,500.0,5100.0,802.56
8.0,500.0,5200.0,809.52
8.0,500.0,5300.0,816.61
8.0,500.0,5400.0,823.85
8.0,500.0,5500.0,831.23
8.0,500.0,5600.0,838.76
8.0,500.0,5700.0,846.45
8.0,500.0,5800.0,854.32
8.0,500.0,5900.0,862.37
8.0,500.0,6000.0,870.6
8.0,500.0,6100.0,879.31
8.0,500.0,6200.0,882.09
8.0,500.0,6300.0,884.9
8.0,500.0,6400.0,887.72
8.0,500.0,6500.0,890.56
8.0,500.0,6600.0,893.42
8.0,500.0,6700.0,896.3
8.0,500.0,6800.0,899.2
8.0,500.0,6900.0,902.12
8.0,500.0,7000.0,905.06
8.0,500.0,7100.0,908.02
8.0,500.0,7200.0,911.0
8.0,500.0,7300.0,914.01
8.0,500.0,7400.0,917.03
8.0,500.0,7500.0,920.07
8.0,500.0,7600.0,923.12
8.0,500.0,7700.0,926.14
8.0,500.0,7800.0,929.17
8.0,500.0,7900.0,932.19
8.0,500.0,8000.0,935.19
8.0,500.0,8100.0,938.18
8.0,500.0,8200.0,941.16
8.0,500.0,8300.0,944.1
8.0,500.0,8400.0,947.05
8.0,500.0,8500.0,949.95
8.0,500.0,8600.0,952.84
8.0,500.0,8700.0,955.71
8.0,500.0,8800.0,958.56
8.0,500.0,8900.0,961.39
8.0,500.0,9000.0,964.2
8.0,500.0,9100.0,966.98
8.0,500.0,9200.0,969.73
8.0,500.0,9300.0,972.48
8.0,500.0,9400.0,975.18
8.0,500.0,9500.0,977.87
8.0,500.0,9600.0,980.54
8.0,500.0,9700.0,983.18
8.0,500.0,9800.0,985.81
8.0,500.0,9900.0,988.4
8.0,500.0,10000.0,990.99
8.0,500.0,10100.0,993.53
8.0,500.0,10200.0,996.07
8.0,500.0,10300.0,998.57
8.0,500.0,10400.0,1001.1
8.0,500.0,10500.0,1003.5
8.0,500.0,10600.0,1006.0
8.0,500.0,10700.0,1008.4
8.0,500.0,10800.0,1010.8
8.0,500.0,10900.0,1013.2
8.0,500.0,11000.0,1015.6
8.0,500.0,11100.0,1017.9
8.0,500.0,11200.0,1020.2
8.0,500.0,11300.0,1022.5
8.0,500.0,11400.0,1024.8
8.0,500.0,11500.0,1027.1
8.0,500.0,11600.0,1029.3
8.0,500.0,11700.0,1031.5
8.0,500.0,11800.0,1033.8
8.0,500.0,11900.0,1036.0
8.0,500.0,12000.0,1038.1
8.0,500.0,12100.0,1040.3
8.0,500.0,12200.0,1042.4
8.0,500.0,12300.0,1044.5
8.0,500.0,12400.0,1046.6
8.0,500.0,12500.0,1048.7
8.0,500.0,12600.0,1050.8
8.0,500.0,12700.0,1052.9
8.0,500.0,12800.0,1054.9
8.0,500.0,12900.0,1056.9
8.0,500.0,13000.0,1058.9
8.0,500.0,13100.0,1060.9
8.0,500.0,13200.0,1062.9
8.0,500.0,13300.0,1064.9
8.0,500.0,13400.0,1066.8
8.0,500.0,13500.0,1068.7
8.0,500.0,13600.0,1070.6
8.0,500.0,13700.0,1072.6
8.0,500.0,13800.0,1074.4
8.0,500.0,13900.0,1076.3
8.0,500.0,14000.0,1078.2
10.0,300.0,0.0,185.55
10.0,300.0,100.0,185.64
10.0,300.0,200.0,185.73
10.0,300.0,300.0,185.82
10.0,300.0,400.0,185.91
10.0,300.0,500.0,186.0
10.0,300.0,600.0,186.09
10.0,300.0,700.0,186.18
10.0,300.0,800.0,186.27
10.0,300.0,900.0,186.36
10.0,300.0,1000.0,186.45
10.0,300.0,1100.0,186.54
10.0,300.0,1200.0,186.63
10.0,300.0,1300.0,186.72
10.0,300.0,1400.0,186.81
10.0,300.0,1500.0,186.9
10.0,300.0,1600.0,187.0
10.0,300.0,1700.0,187.09
10.0,300.0,1800.0,187.18
10.0,300.0,1900.0,187.27
10.0,300.0,2000.0,187.36
10.0,300.0,2100.0,187.46
10.0,300.0,2200.0,187.55
10.0,300.0,2300.0,187.64
10.0,300.0,2400.0,187.73
10.0,300.0,2500.0,187.83
10.0,300.0,2600.0,187.92
10.0,300.0,2700.0,188.01
10.0,300.0,2800.0,188.11
10.0,300.0,2900.0,188.2
10.0,300.0,3000.0,188.29
10.0,300.0,3100.0,188.39
10.0,300.0,3200.0,188.48
10.0,300.0,3300.0,188.58
10.0,300.0,3400.0,188.67
10.0,300.0,3500.0,188.77
10.0,300.0,3600.0,188.86
10.0,300.0,3700.0,188.96
10.0,300.0,3800.0,189.05
10.0,300.0,3900.0,189.15
10.0,300.0,4000.0,189.24
10.0,300.0,4100.0,189.34
10.0,300.0,4200.0,189.43
10.0,300.0,4300.0,189.53
10.0,300.0,4400.0,189.62
10.0,300.0,4500.0,189.72
10.0,300.0,4600.0,189.82
10.0,300.0,4700.0,189.91
10.0,300.0,4800.0,190.01
10.0,300.0,4900.0,190.11
10.0,300.0,5000.0,190.2
10.0,300.0,5100.0,190.3
10.0,300.0,5200.0,190.4
10.0,300.0,5300.0,190.49
10.0,300.0,5400.0,190.59
10.0,300.0,5500.0,190.69
10.0,300.0,5600.0,190.79
10.0,300.0,5700.0,190.88
10.0,300.0,5800.0,190.98
10.0,300.0,5900.0,191.08
10.0,300.0,6000.0,191.18
10.0,300.0,6100.0,191.28
10.0,300.0,6200.0,191.37
10.0,300.0,6300.0,191.47
10.0,300.0,6400.0,191.57
10.0,300.0,6500.0,191.67
10.0,300.0,6600.0,191.77
10.0,300.0,6700.0,191.87
10.0,300.0,6800.0,191.97
10.0,300.0,6900.0,192.07
10.0,300.0,7000.0,192.17
10.0,300.0,7100.0,192.27
10.0,300.0,7200.0,192.37
10.0,300.0,7300.0,192.47
10.0,300.0,7400.0,192.57
10.0,300.0,7500.0,192.67
10.0,300.0,7600.0,192.77
10.0,300.0,7700.0,192.87
10.0,300.0,7800.0,192.97
10.0,300.0,7900.0,193.07
10.0,300.0,8000.0,193.17
10.0,300.0,8100.0,193.28
10.0,300.0,8200.0,193.38
10.0,300.0,8300.0,193.48
10.0,300.0,8400.0,193.58
10.0,300.0,8500.0,193.68
10.0,300.0,8600.0,193.78
10.0,300.0,8700.0,193.89
10.0,300.0,8800.0,193.99
10.0,300.0,8900.0,194.09
10.0,300.0,9000.0,194.19
10.0,300.0,9100.0,194.3
10.0,300.0,9200.0,194.4
10.0,300.0,9300.0,194.5
10.0,300.0,9400.0,194.6
10.0,300.0,9500.0,194.71
10.0,300.0,9600.0,194.81
10.0,300.0,9700.0,194.91
10.0,300.0,9800.0,195.02
10.0,300.0,9900.0,195.12
10.0,300.0,10000.0,195.23
10.0,300.0,10100.0,195.33
10.0,300.0,10200.0,195.43
10.0,300.0,10300.0,195.54
10.0,300.0,10400.0,195.64
10.0,300.0,10500.0,195.75
10.0,300.0,10600.0,195.85
10.0,300.0,10700.0,195.96
10.0,300.0,10800.0,196.06
10.0,300.0,10900.0,196.17
10.0,300.0,11000.0,196.27
10.0,300.0,11100.0,196.38
10.0,300.0,11200.0,196.48
10.0,300.0,11300.0,196.59
10.0,300.0,11400.0,196.69
10.0,300.0,11500.0,196.8
10.0,300.0,11600.0,196.91
10.0,300.0,11700.0,197.01
10.0,300.0,11800.0,197.12
10.0,300.0,11900.0,197.22
10.0,300.0,12000.0,197.33
10.0,300.0,12100.0,197.44
10.0,300.0,12200.0,197.54
10.0,300.0,12300.0,197.65
10.0,300.0,12400.0,197.76
10.0,300.0,12500.0,197.87
10.0,300.0,12600.0,197.97
10.0,300.0,12700.0,198.08
10.0,300.0,12800.0,198.19
10.0,300.0,12900.0,198.29
10.0,300.0,13000.0,198.4
10.0,300.0,13100.0,198.51
10.0,300.0,13200.0,198.62
10.0,300.0,13300.0,198.73
10.0,300.0,13400.0,198.83
10.0,300.0,13500.0,198.94
10.0,300.0,13600.0,199.05
10.0,300.0,13700.0,199.16
10.0,300.0,13800.0,199.27
10.0,300.0,13900.0,199.38
10.0,300.0,14000.0,199.49
10.0,350.0,0.0,252.56
10.0,350.0,100.0,252.78
10.0,350.0,200.0,253.0
10.0,350.0,300.0,253.23
10.0,350.0,400.0,253.46
10.0,350.0,500.0,253.68
10.0,350.0,600.0,253.91
10.0,350.0,700.0,254.14
10.0,350.0,800.0,254.37
10.0,350.0,900.0,254.6
10.0,350.0,1000.0,254.83
10.0,350.0,1100.0,255.06
10.0,350.0,1200.0,255.29
10.0,350.0,1300.0,255.53
10.0,350.0,1400.0,255.76
10.0,350.0,1500.0,256.0
10.0,350.0,1600.0,256.23
10.0,350.0,1700.0,256.47
10.0,350.0,1800.0,256.7
10.0,350.0,1900.0,256.94
10.0,350.0,2000.0,257.18
10.0,350.0,2100.0,257.42
10.0,350.0,2200.0,257.66
10.0,350.0,2300.0,257.9
10.0,350.0,2400.0,258.14
10.0,350.0,2500.0,258.38
10.0,350.0,2600.0,258.62
10.0,350.0,2700.0,258.86
10.0,350.0,2800.0,259.11
10.0,350.0,2900.0,259.35
10.0,350.0,3000.0,259.6
10.0,350.0,3100.0,259.84
10.0,350.0,3200.0,260.09
10.0,350.0,3300.0,260.34
10.0,350.0,3400.0,260.58
10.0,350.0,3500.0,260.83
10.0,350.0,3600.0,261.08
10.0,350.0,3700.0,261.33
10.0,350.0,3800.0,261.58
10.0,350.0,3900.0,261.83
10.0,350.0,4000.0,262.08
10.0,350.0,4100.0,262.34
10.0,350.0,4200.0,262.59
10.0,350.0,4300.0,262.84
10.0,350.0,4400.0,263.1
10.0,350.0,4500.0,263.35
10.0,350.0,4600.0,263.61
10.0,350.0,4700.0,263.86
10.0,350.0,4800.0,264.12
10.0,350.0,4900.0,264.38
10.0,350.0,5000.0,264.64
10.0,350.0,5100.0,264.9
10.0,350.0,5200.0,265.16
10.0,350.0,5300.0,265.42
10.0,350.0,5400.0,265.68
10.0,350.0,5500.0,265.94
10.0,350.0,5600.0,266.2
10.0,350.0,5700.0,266.46
10.0,350.0,5800.0,266.73
10.0,350.0,5900.0,266.99
10.0,350.0,6000.0,267.25
10.0,350.0,6100.0,267.52
10.0,350.0,6200.0,267.78
10.0,350.0,6300.0,268.05
10.0,350.0,6400.0,268.32
10.0,350.0,6500.0,268.58
10.0,350.0,6600.0,268.85
10.0,350.0,6700.0,269.12
10.0,350.0,6800.0,269.39
10.0,350.0,6900.0,269.66
10.0,350.0,7000.0,269.93
10.0,350.0,7100.0,270.2
10.0,350.0,7200.0,270.47
10.0,350.0,7300.0,270.74
10.0,350.0,7400.0,271.02
10.0,350.0,7500.0,271.29
10.0,350.0,7600.0,271.56
10.0,350.0,7700.0,271.84
10.0,350.0,7800.0,272.11
10.0,350.0,7900.0,272.39
10.0,350.0,8000.0,272.66
10.0,350.0,8100.0,272.94
10.0,350.0,8200.0,273.22
10.0,350.0,8300.0,273.5
10.0,350.0,8400.0,273.77
10.0,350.0,8500.0,274.05
10.0,350.0,8600.0,274.33
10.0,350.0,8700.0,274.61
10.0,350.0,8800.0,274.89
10.0,350.0,8900.0,275.17
10.0,350.0,9000.0,275.45
10.0,350.0,9100.0,275.74
10.0,350.0,9200.0,276.02
10.0,350.0,9300.0,276.3
10.0,350.0,9400.0,276.59
10.0,350.0,9500.0,276.87
10.0,350.0,9600.0,277.15
10.0,350.0,9700.0,277.44
10.0,350.0,9800.0,277.72
10.0,350.0,9900.0,278.01
10.0,350.0,10000.0,278.3
10.0,350.0,10100.0,278.59
10.0,350.0,10200.0,278.87
10.0,350.0,10300.0,279.16
10.0,350.0,10400.0,279.45
10.0,350.0,10500.0,279.74
10.0,350.0,10600.0,280.03
10.0,350.0,10700.0,280.32
10.0,350.0,10800.0,280.61
10.0,350.0,10900.0,280.9
10.0,350.0,11000.0,281.19
10.0,350.0,11100.0,281.49
10.0,350.0,11200.0,281.78
10.0,350.0,11300.0,282.07
10.0,350.0,11400.0,282.37
10.0,350.0,11500.0,282.66
10.0,350.0,11600.0,282.96
10.0,350.0,11700.0,283.25
10.0,350.0,11800.0,283.55
10.0,350.0,11900.0,283.84
10.0,350.0,12000.0,284.14
10.0,350.0,12100.0,284.44
10.0,350.0,12200.0,284.74
10.0,350.0,12300.0,285.04
10.0,350.0,12400.0,285.34
10.0,350.0,12500.0,285.63
10.0,350.0,12600.0,285.94
10.0,350.0,12700.0,286.24
10.0,350.0,12800.0,286.54
10.0,350.0,12900.0,286.84
10.0,350.0,13000.0,287.14
10.0,350.0,13100.0,287.44
10.0,350.0,13200.0,287.75
10.0,350.0,13300.0,288.05
10.0,350.0,13400.0,288.35
10.0,350.0,13500.0,288.66
10.0,350.0,13600.0,288.96
10.0,350.0,13700.0,289.27
10.0,350.0,13800.0,289.58
10.0,350.0,13900.0,289.88
10.0,350.0,14000.0,290.19
10.0,400.0,0.0,329.87
10.0,400.0,100.0,330.37
10.0,400.0,200.0,330.87
10.0,400.0,300.0,331.37
10.0,400.0,400.0,331.88
10.0,400.0,500.0,332.39
10.0,400.0,600.0,332.9
10.0,400.0,700.0,333.42
10.0,400.0,800.0,333.94
10.0,400.0,900.0,334.46
10.0,400.0,1000.0,334.98
10.0,400.0,1100.0,335.51
10.0,400.0,1200.0,336.04
10.0,400.0,1300.0,336.57
10.0,400.0,1400.0,337.1
10.0,400.0,1500.0,337.64
10.0,400.0,1600.0,338.18
10.0,400.0,1700.0,338.72
10.0,400.0,1800.0,339.27
10.0,400.0,1900.0,339.82
10.0,400.0,2000.0,340.37
10.0,400.0,2100.0,340.92
10.0,400.0,2200.0,341.47
10.0,400.0,2300.0,342.03
10.0,400.0,2400.0,342.59
10.0,400.0,2500.0,343.16
10.0,400.0,2600.0,343.72
10.0,400.0,2700.0,344.29
10.0,400.0,2800.0,344.86
10.0,400.0,2900.0,345.43
10.0,400.0,3000.0,346.01
10.0,400.0,3100.0,346.58
10.0,400.0,3200.0,347.16
10.0,400.0,3300.0,347.74
10.0,400.0,3400.0,348.33
10.0,400.0,3500.0,348.91
10.0,400.0,3600.0,349.5
10.0,400.0,3700.0,350.09
10.0,400.0,3800.0,350.69
10.0,400.0,3900.0,351.28
10.0,400.0,4000.0,351.88
10.0,400.0,4100.0,352.48
10.0,400.0,4200.0,353.08
10.0,400.0,4300.0,353.69
10.0,400.0,4400.0,354.29
10.0,400.0,4500.0,354.9
10.0,400.0,4600.0,355.51
10.0,400.0,4700.0,356.13
10.0,400.0,4800.0,356.74
10.0,400.0,4900.0,357.36
10.0,400.0,5000.0,357.98
10.0,400.0,5100.0,358.6
10.0,400.0,5200.0,359.22
10.0,400.0,5300.0,359.85
10.0,400.0,5400.0,360.48
10.0,400.0,5500.0,361.11
10.0,400.0,5600.0,361.74
10.0,400.0,5700.0,362.37
10.0,400.0,5800.0,363.01
10.0,400.0,5900.0,363.64
10.0,400.0,6000.0,364.28
10.0,400.0,6100.0,364.92
10.0,400.0,6200.0,365.57
10.0,400.0,6300.0,366.21
10.0,400.0,6400.0,366.86
10.0,400.0,6500.0,367.51
10.0,400.0,6600.0,368.16
10.0,400.0,6700.0,368.81
10.0,400.0,6800.0,369.47
10.0,400.0,6900.0,370.12
10.0,400.0,7000.0,370.78
10.0,400.0,7100.0,371.44
10.0,400.0,7200.0,372.11
10.0,400.0,7300.0,372.77
10.0,400.0,7400.0,373.44
10.0,400.0,7500.0,374.11
10.0,400.0,7600.0,374.78
10.0,400.0,7700.0,375.45
10.0,400.0,7800.0,376.12
10.0,400.0,7900.0,376.8
10.0,400.0,8000.0,377.48
10.0,400.0,8100.0,378.16
10.0,400.0,8200.0,378.84
10.0,400.0,8300.0,379.52
10.0,400.0,8400.0,380.21
10.0,400.0,8500.0,380.9
10.0,400.0,8600.0,381.59
10.0,400.0,8700.0,382.28
10.0,400.0,8800.0,382.97
10.0,400.0,8900.0,383.67
10.0,400.0,9000.0,384.36
10.0,400.0,9100.0,385.06
10.0,400.0,9200.0,385.77
10.0,400.0,9300.0,386.47
10.0,400.0,9400.0,387.17
10.0,400.0,9500.0,387.88
10.0,400.0,9600.0,388.59
10.0,400.0,9700.0,389.3
10.0,400.0,9800.0,390.01
10.0,400.0,9900.0,390.73
10.0,400.0,10000.0,391.45
10.0,400.0,10100.0,392.17
10.0,400.0,10200.0,392.89
10.0,400.0,10300.0,393.61
10.0,400.0,10400.0,394.34
10.0,400.0,10500.0,395.07
10.0,400.0,10600.0,395.79
10.0,400.0,10700.0,396.53
10.0,400.0,10800.0,397.26
10.0,400.0,10900.0,398.0
10.0,400.0,11000.0,398.74
10.0,400.0,11100.0,399.48
10.0,400.0,11200.0,400.22
10.0,400.0,11300.0,400.96
10.0,400.0,11400.0,401.71
10.0,400.0,11500.0,402.46
10.0,400.0,11600.0,403.21
10.0,400.0,11700.0,403.97
10.0,400.0,11800.0,404.72
10.0,400.0,11900.0,405.48
10.0,400.0,12000.0,406.24
10.0,400.0,12100.0,407.0
10.0,400.0,12200.0,407.77
10.0,400.0,12300.0,408.54
10.0,400.0,12400.0,409.31
10.0,400.0,12500.0,410.08
10.0,400.0,12600.0,410.86
10.0,400.0,12700.0,411.63
10.0,400.0,12800.0,412.41
10.0,400.0,12900.0,413.2
10.0,400.0,13000.0,413.98
10.0,400.0,13100.0,414.77
10.0,400.0,13200.0,415.56
10.0,400.0,13300.0,416.35
10.0,400.0,13400.0,417.15
10.0,400.0,13500.0,417.94
10.0,400.0,13600.0,418.74
10.0,400.0,13700.0,419.55
10.0,400.0,13800.0,420.35
10.0,400.0,13900.0,421.16
10.0,400.0,14000.0,421.97
10.0,450.0,0.0,417.49
10.0,450.0,100.0,418.5
10.0,450.0,200.0,419.52
10.0,450.0,300.0,420.55
10.0,450.0,400.0,421.59
10.0,450.0,500.0,422.64
10.0,450.0,600.0,423.69
10.0,450.0,700.0,424.76
10.0,450.0,800.0,425.83
10.0,450.0,900.0,426.91
10.0,450.0,1000.0,428.01
10.0,450.0,1100.0,429.1
10.0,450.0,1200.0,430.21
10.0,450.0,1300.0,431.33
10.0,450.0,1400.0,432.45
10.0,450.0,1500.0,433.58
10.0,450.0,1600.0,434.73
10.0,450.0,1700.0,435.87
10.0,450.0,1800.0,437.03
10.0,450.0,1900.0,438.19
10.0,450.0,2000.0,439.37
10.0,450.0,2100.0,440.54
10.0,450.0,2200.0,441.73
10.0,450.0,2300.0,442.92
10.0,450.0,2400.0,444.13
10.0,450.0,2500.0,445.33
10.0,450.0,2600.0,446.55
10.0,450.0,2700.0,447.77
10.0,450.0,2800.0,449.0
10.0,450.0,2900.0,450.24
10.0,450.0,3000.0,451.48
10.0,450.0,3100.0,452.73
10.0,450.0,3200.0,453.99
10.0,450.0,3300.0,455.25
10.0,450.0,3400.0,456.52
10.0,450.0,3500.0,457.8
10.0,450.0,3600.0,459.08
10.0,450.0,3700.0,460.37
10.0,450.0,3800.0,461.67
10.0,450.0,3900.0,462.97
10.0,450.0,4000.0,464.28
10.0,450.0,4100.0,465.59
10.0,450.0,4200.0,466.91
10.0,450.0,4300.0,468.24
10.0,450.0,4400.0,469.57
10.0,450.0,4500.0,470.91
10.0,450.0,4600.0,472.26
10.0,450.0,4700.0,473.61
10.0,450.0,4800.0,474.97
10.0,450.0,4900.0,476.34
10.0,450.0,5000.0,477.71
10.0,450.0,5100.0,479.08
10.0,450.0,5200.0,480.47
10.0,450.0,5300.0,481.86
10.0,450.0,5400.0,483.25
10.0,450.0,5500.0,484.66
10.0,450.0,5600.0,486.06
10.0,450.0,5700.0,487.48
10.0,450.0,5800.0,488.9
10.0,450.0,5900.0,490.33
10.0,450.0,6000.0,491.76
10.0,450.0,6100.0,493.2
10.0,450.0,6200.0,494.65
10.0,450.0,6300.0,496.1
10.0,450.0,6400.0,497.56
10.0,450.0,6500.0,499.03
10.0,450.0,6600.0,500.5
10.0,450.0,6700.0,501.98
10.0,450.0,6800.0,503.47
10.0,450.0,6900.0,504.97
10.0,450.0,7000.0,506.47
10.0,450.0,7100.0,507.98
10.0,450.0,7200.0,509.49
10.0,450.0,7300.0,511.02
10.0,450.0,7400.0,512.55
10.0,450.0,7500.0,514.08
10.0,450.0,7600.0,515.63
10.0,450.0,7700.0,517.18
10.0,450.0,7800.0,518.74
10.0,450.0,7900.0,520.31
10.0,450.0,8000.0,521.89
10.0,450.0,8100.0,523.47
10.0,450.0,8200.0,525.07
10.0,450.0,8300.0,526.67
10.0,450.0,8400.0,528.28
10.0,450.0,8500.0,529.9
10.0,450.0,8600.0,531.52
10.0,450.0,8700.0,533.16
10.0,450.0,8800.0,534.8
10.0,450.0,8900.0,536.46
10.0,450.0,9000.0,538.12
10.0,450.0,9100.0,539.79
10.0,450.0,9200.0,541.47
10.0,450.0,9300.0,543.17
10.0,450.0,9400.0,544.87
10.0,450.0,9500.0,546.58
10.0,450.0,9600.0,548.3
10.0,450.0,9700.0,550.03
10.0,450.0,9800.0,551.77
10.0,450.0,9900.0,553.52
10.0,450.0,10000.0,555.29
10.0,450.0,10100.0,557.06
10.0,450.0,10200.0,558.84
10.0,450.0,10300.0,560.64
10.0,450.0,10400.0,562.45
10.0,450.0,10500.0,564.27
10.0,450.0,10600.0,566.1
10.0,450.0,10700.0,567.94
10.0,450.0,10800.0,569.8
10.0,450.0,10900.0,571.67
10.0,450.0,11000.0,573.55
10.0,450.0,11100.0,575.44
10.0,450.0,11200.0,577.35
10.0,450.0,11300.0,579.27
10.0,450.0,11400.0,581.2
10.0,450.0,11500.0,583.15
10.0,450.0,11600.0,585.11
10.0,450.0,11700.0,587.09
10.0,450.0,11800.0,589.08
10.0,450.0,11900.0,591.08
10.0,450.0,12000.0,593.11
10.0,450.0,12100.0,595.14
10.0,450.0,12200.0,597.2
10.0,450.0,12300.0,599.26
10.0,450.0,12400.0,601.35
10.0,450.0,12500.0,603.45
10.0,450.0,12600.0,605.57
10.0,450.0,12700.0,607.71
10.0,450.0,12800.0,609.86
10.0,450.0,12900.0,612.03
10.0,450.0,13000.0,614.22
10.0,450.0,13100.0,616.43
10.0,450.0,13200.0,618.66
10.0,450.0,13300.0,620.91
10.0,450.0,13400.0,623.18
10.0,450.0,13500.0,625.47
10.0,450.0,13600.0,627.78
10.0,450.0,13700.0,630.11
10.0,450.0,13800.0,632.46
10.0,450.0,13900.0,634.84
10.0,450.0,14000.0,637.24
10.0,500.0,0.0,515.42
10.0,500.0,100.0,517.32
10.0,500.0,200.0,519.26
10.0,500.0,300.0,521.21
10.0,500.0,400.0,523.2
10.0,500.0,500.0,525.2
10.0,500.0,600.0,527.23
10.0,500.0,700.0,529.29
10.0,500.0,800.0,531.37
10.0,500.0,900.0,533.48
10.0,500.0,1000.0,535.6
10.0,500.0,1100.0,537.75
10.0,500.0,1200.0,539.93
10.0,500.0,1300.0,542.12
10.0,500.0,1400.0,544.34
10.0,500.0,1500.0,546.58
10.0,500.0,1600.0,548.84
10.0,500.0,1700.0,551.12
10.0,500.0,1800.0,553.42
10.0,500.0,1900.0,555.73
10.0,500.0,2000.0,558.07
10.0,500.0,2100.0,560.43
10.0,500.0,2200.0,562.81
10.0,500.0,2300.0,565.21
10.0,500.0,2400.0,567.62
10.0,500.0,2500.0,570.05
10.0,500.0,2600.0,572.5
10.0,500.0,2700.0,574.97
10.0,500.0,2800.0,577.46
10.0,500.0,2900.0,579.97
10.0,500.0,3000.0,582.49
10.0,500.0,3100.0,585.03
10.0,500.0,3200.0,587.59
10.0,500.0,3300.0,590.16
10.0,500.0,3400.0,592.76
10.0,500.0,3500.0,595.37
10.0,500.0,3600.0,598.0
10.0,500.0,3700.0,600.65
10.0,500.0,3800.0,603.31
10.0,500.0,3900.0,606.0
10.0,500.0,4000.0,608.7
10.0,500.0,4100.0,611.42
10.0,500.0,4200.0,614.16
10.0,500.0,4300.0,616.92
10.0,500.0,4400.0,619.7
10.0,500.0,4500.0,622.5
10.0,500.0,4600.0,625.32
10.0,500.0,4700.0,628.16
10.0,500.0,4800.0,631.02
10.0,500.0,4900.0,633.9
10.0,500.0,5000.0,636.8
10.0,500.0,5100.0,639.73
10.0,500.0,5200.0,642.68
10.0,500.0,5300.0,645.65
10.0,500.0,5400.0,648.64
10.0,500.0,5500.0,651.66
10.0,500.0,5600.0,654.7
10.0,500.0,5700.0,657.76
10.0,500.0,5800.0,660.86
10.0,500.0,5900.0,663.97
10.0,500.0,6000.0,667.12
10.0,500.0,6100.0,670.29
10.0,500.0,6200.0,673.49
10.0,500.0,6300.0,676.72
10.0,500.0,6400.0,679.97
10.0,500.0,6500.0,683.26
10.0,500.0,6600.0,686.58
10.0,500.0,6700.0,689.93
10.0,500.0,6800.0,693.31
10.0,500.0,6900.0,696.73
10.0,500.0,7000.0,700.18
10.0,500.0,7100.0,703.66
10.0,500.0,7200.0,707.18
10.0,500.0,7300.0,710.74
10.0,500.0,7400.0,714.33
10.0,500.0,7500.0,717.96
10.0,500.0,7600.0,721.64
10.0,500.0,7700.0,725.35
10.0,500.0,7800.0,729.11
10.0,500.0,7900.0,732.91
10.0,500.0,8000.0,736.76
10.0,500.0,8100.0,740.65
10.0,500.0,8200.0,744.59
10.0,500.0,8300.0,748.57
10.0,500.0,8400.0,752.61
10.0,500.0,8500.0,756.7
10.0,500.0,8600.0,760.84
10.0,500.0,8700.0,765.04
10.0,500.0,8800.0,769.3
10.0,500.0,8900.0,773.61
10.0,500.0,9000.0,777.99
10.0,500.0,9100.0,782.42
10.0,500.0,9200.0,786.92
10.0,500.0,9300.0,791.49
10.0,500.0,9400.0,798.01
10.0,500.0,9500.0,799.25
10.0,500.0,9600.0,800.5
10.0,500.0,9700.0,801.75
10.0,500.0,9800.0,803.0
10.0,500.0,9900.0,804.26
10.0,500.0,10000.0,805.53
10.0,500.0,10100.0,806.8
10.0,500.0,10200.0,808.07
10.0,500.0,10300.0,809.35
10.0,500.0,10400.0,810.63
10.0,500.0,10500.0,811.92
10.0,500.0,10600.0,813.21
10.0,500.0,10700.0,814.51
10.0,500.0,10800.0,815.81
10.0,500.0,10900.0,817.11
10.0,500.0,11000.0,818.43
10.0,500.0,11100.0,819.74
10.0,500.0,11200.0,821.06
10.0,500.0,11300.0,822.39
10.0,500.0,11400.0,823.72
10.0,500.0,11500.0,825.06
10.0,500.0,11600.0,826.4
10.0,500.0,11700.0,827.74
10.0,500.0,11800.0,829.1
10.0,500.0,11900.0,830.45
10.0,500.0,12000.0,831.81
10.0,500.0,12100.0,833.18
10.0,500.0,12200.0,834.55
10.0,500.0,12300.0,835.93
10.0,500.0,12400.0,837.31
10.0,500.0,12500.0,838.7
10.0,500.0,12600.0,840.09
10.0,500.0,12700.0,841.49
10.0,500.0,12800.0,842.89
10.0,500.0,12900.0,844.3
10.0,500.0,13000.0,845.72
10.0,500.0,13100.0,847.14
10.0,500.0,13200.0,848.55
10.0,500.0,13300.0,849.95
10.0,500.0,13400.0,851.36
10.0,500.0,13500.0,852.76
10.0,500.0,13600.0,854.14
10.0,500.0,13700.0,855.53
10.0,500.0,13800.0,856.9
10.0,500.0,13900.0,858.28
10.0,500.0,14000.0,859.64
